family,order,sampleId,jacardDist
Actinomycetaceae,Actinomycetales,ERR260154,0.043979058
Micrococcaceae,Actinomycetales,ERR260154,0.418499127
Bacteroidaceae,Bacteroidales,ERR260154,0.088551724
Porphyromonadaceae,Bacteroidales,ERR260154,0.116689655
Rikenellaceae,Bacteroidales,ERR260154,0.269793103
Clostridiaceae,Clostridiales,ERR260154,0.116928447
Lachnospiraceae,Clostridiales,ERR260154,0.087173101
Peptostreptococcaceae,Clostridiales,ERR260154,0.366127024
Ruminococcaceae,Clostridiales,ERR260154,0.164257228
Lactobacillaceae,Lactobacillales,ERR260154,0.050366032
Streptococcaceae,Lactobacillales,ERR260154,0.140890451
Actinomycetaceae,Actinomycetales,ERR260158,0.043979058
Micrococcaceae,Actinomycetales,ERR260158,0.418499127
Bacteroidaceae,Bacteroidales,ERR260158,0.088551724
Porphyromonadaceae,Bacteroidales,ERR260158,0.116689655
Rikenellaceae,Bacteroidales,ERR260158,0.269793103
Clostridiaceae,Clostridiales,ERR260158,0.116928447
Lachnospiraceae,Clostridiales,ERR260158,0.087173101
Peptostreptococcaceae,Clostridiales,ERR260158,0.366127024
Ruminococcaceae,Clostridiales,ERR260158,0.164257228
Lactobacillaceae,Lactobacillales,ERR260158,0.050366032
Streptococcaceae,Lactobacillales,ERR260158,0.140890451
Bacteroidaceae,Bacteroidales,ERR260161,0.088551724
Porphyromonadaceae,Bacteroidales,ERR260161,0.116689655
Rikenellaceae,Bacteroidales,ERR260161,0.269793103
Clostridiaceae,Clostridiales,ERR260161,0.116928447
Lachnospiraceae,Clostridiales,ERR260161,0.087173101
Peptostreptococcaceae,Clostridiales,ERR260161,0.366127024
Ruminococcaceae,Clostridiales,ERR260161,0.164257228
Lactobacillaceae,Lactobacillales,ERR260161,0.058362369
Leuconostocaceae,Lactobacillales,ERR260161,0.410107464
Streptococcaceae,Lactobacillales,ERR260161,0.148126634
Actinomycetaceae,Actinomycetales,ERR260162,0.043979058
Micrococcaceae,Actinomycetales,ERR260162,0.418499127
Bacteroidaceae,Bacteroidales,ERR260162,0.088551724
Porphyromonadaceae,Bacteroidales,ERR260162,0.116689655
Rikenellaceae,Bacteroidales,ERR260162,0.269793103
Clostridiaceae,Clostridiales,ERR260162,0.116928447
Lachnospiraceae,Clostridiales,ERR260162,0.087173101
Peptostreptococcaceae,Clostridiales,ERR260162,0.366127024
Ruminococcaceae,Clostridiales,ERR260162,0.164257228
Enterococcaceae,Lactobacillales,ERR260162,0.269208879
Lactobacillaceae,Lactobacillales,ERR260162,0.077382646
Leuconostocaceae,Lactobacillales,ERR260162,0.422026181
Streptococcaceae,Lactobacillales,ERR260162,0.165338645
Actinomycetaceae,Actinomycetales,ERR260164,0.124920128
Corynebacteriaceae,Actinomycetales,ERR260164,0.336741214
Micrococcaceae,Actinomycetales,ERR260164,0.467731629
Bacteroidaceae,Bacteroidales,ERR260164,0.088551724
Porphyromonadaceae,Bacteroidales,ERR260164,0.116689655
Rikenellaceae,Bacteroidales,ERR260164,0.269793103
Clostridiaceae,Clostridiales,ERR260164,0.105781368
Lachnospiraceae,Clostridiales,ERR260164,0.075662043
Ruminococcaceae,Clostridiales,ERR260164,0.153710247
Lactobacillaceae,Lactobacillales,ERR260164,0.050366032
Streptococcaceae,Lactobacillales,ERR260164,0.140890451
Bacteroidaceae,Bacteroidales,ERR260165,0.107509454
Porphyromonadaceae,Bacteroidales,ERR260165,0.135062129
Prevotellaceae,Bacteroidales,ERR260165,0.212317666
Rikenellaceae,Bacteroidales,ERR260165,0.284981091
Clostridiaceae,Clostridiales,ERR260165,0.116928447
Lachnospiraceae,Clostridiales,ERR260165,0.087173101
Peptostreptococcaceae,Clostridiales,ERR260165,0.366127024
Ruminococcaceae,Clostridiales,ERR260165,0.164257228
Lactobacillaceae,Lactobacillales,ERR260165,0.058362369
Leuconostocaceae,Lactobacillales,ERR260165,0.410107464
Streptococcaceae,Lactobacillales,ERR260165,0.148126634
Bacteroidaceae,Bacteroidales,ERR260166,0.107509454
Porphyromonadaceae,Bacteroidales,ERR260166,0.135062129
Prevotellaceae,Bacteroidales,ERR260166,0.212317666
Rikenellaceae,Bacteroidales,ERR260166,0.284981091
Clostridiaceae,Clostridiales,ERR260166,0.116928447
Lachnospiraceae,Clostridiales,ERR260166,0.087173101
Peptostreptococcaceae,Clostridiales,ERR260166,0.366127024
Ruminococcaceae,Clostridiales,ERR260166,0.164257228
Lactobacillaceae,Lactobacillales,ERR260166,0.050366032
Streptococcaceae,Lactobacillales,ERR260166,0.140890451
Bacteroidaceae,Bacteroidales,ERR260167,0.088551724
Porphyromonadaceae,Bacteroidales,ERR260167,0.116689655
Rikenellaceae,Bacteroidales,ERR260167,0.269793103
Clostridiaceae,Clostridiales,ERR260167,0.116928447
Lachnospiraceae,Clostridiales,ERR260167,0.087173101
Peptostreptococcaceae,Clostridiales,ERR260167,0.366127024
Ruminococcaceae,Clostridiales,ERR260167,0.164257228
Leuconostocaceae,Lactobacillales,ERR260167,0.32970297
Streptococcaceae,Lactobacillales,ERR260167,0.032013201
Actinomycetaceae,Actinomycetales,ERR260172,0.124920128
Corynebacteriaceae,Actinomycetales,ERR260172,0.336741214
Micrococcaceae,Actinomycetales,ERR260172,0.467731629
Bacteroidaceae,Bacteroidales,ERR260172,0.088551724
Porphyromonadaceae,Bacteroidales,ERR260172,0.116689655
Rikenellaceae,Bacteroidales,ERR260172,0.269793103
Clostridiaceae,Clostridiales,ERR260172,0.105781368
Lachnospiraceae,Clostridiales,ERR260172,0.075662043
Ruminococcaceae,Clostridiales,ERR260172,0.153710247
Enterococcaceae,Lactobacillales,ERR260172,0.269208879
Lactobacillaceae,Lactobacillales,ERR260172,0.077382646
Leuconostocaceae,Lactobacillales,ERR260172,0.422026181
Streptococcaceae,Lactobacillales,ERR260172,0.165338645
Bacteroidaceae,Bacteroidales,ERR260173,0.107509454
Porphyromonadaceae,Bacteroidales,ERR260173,0.135062129
Prevotellaceae,Bacteroidales,ERR260173,0.212317666
Rikenellaceae,Bacteroidales,ERR260173,0.284981091
Clostridiaceae,Clostridiales,ERR260173,0.116928447
Lachnospiraceae,Clostridiales,ERR260173,0.087173101
Peptostreptococcaceae,Clostridiales,ERR260173,0.366127024
Ruminococcaceae,Clostridiales,ERR260173,0.164257228
Lactobacillaceae,Lactobacillales,ERR260173,0.050366032
Streptococcaceae,Lactobacillales,ERR260173,0.140890451
Actinomycetaceae,Actinomycetales,ERR260174,0.040630473
Brevibacteriaceae,Actinomycetales,ERR260174,0.448336252
Bacteroidaceae,Bacteroidales,ERR260174,0.107509454
Porphyromonadaceae,Bacteroidales,ERR260174,0.135062129
Prevotellaceae,Bacteroidales,ERR260174,0.212317666
Rikenellaceae,Bacteroidales,ERR260174,0.284981091
Clostridiaceae,Clostridiales,ERR260174,0.116928447
Lachnospiraceae,Clostridiales,ERR260174,0.087173101
Peptostreptococcaceae,Clostridiales,ERR260174,0.366127024
Ruminococcaceae,Clostridiales,ERR260174,0.164257228
Lactobacillaceae,Lactobacillales,ERR260174,0.050366032
Streptococcaceae,Lactobacillales,ERR260174,0.140890451
Bacteroidaceae,Bacteroidales,ERR260177,0.088551724
Porphyromonadaceae,Bacteroidales,ERR260177,0.116689655
Rikenellaceae,Bacteroidales,ERR260177,0.269793103
Clostridiaceae,Clostridiales,ERR260177,0.116928447
Lachnospiraceae,Clostridiales,ERR260177,0.087173101
Peptostreptococcaceae,Clostridiales,ERR260177,0.366127024
Ruminococcaceae,Clostridiales,ERR260177,0.164257228
Lactobacillaceae,Lactobacillales,ERR260177,0.050366032
Streptococcaceae,Lactobacillales,ERR260177,0.140890451
Actinomycetaceae,Actinomycetales,ERR260180,0.043979058
Micrococcaceae,Actinomycetales,ERR260180,0.418499127
Bacteroidaceae,Bacteroidales,ERR260180,0.107509454
Porphyromonadaceae,Bacteroidales,ERR260180,0.135062129
Prevotellaceae,Bacteroidales,ERR260180,0.212317666
Rikenellaceae,Bacteroidales,ERR260180,0.284981091
Clostridiaceae,Clostridiales,ERR260180,0.116928447
Lachnospiraceae,Clostridiales,ERR260180,0.087173101
Peptostreptococcaceae,Clostridiales,ERR260180,0.366127024
Ruminococcaceae,Clostridiales,ERR260180,0.164257228
Lactobacillaceae,Lactobacillales,ERR260180,0.050366032
Streptococcaceae,Lactobacillales,ERR260180,0.140890451
Bacteroidaceae,Bacteroidales,ERR260181,0.088551724
Porphyromonadaceae,Bacteroidales,ERR260181,0.116689655
Rikenellaceae,Bacteroidales,ERR260181,0.269793103
Clostridiaceae,Clostridiales,ERR260181,0.116928447
Lachnospiraceae,Clostridiales,ERR260181,0.087173101
Peptostreptococcaceae,Clostridiales,ERR260181,0.366127024
Ruminococcaceae,Clostridiales,ERR260181,0.164257228
Lactobacillaceae,Lactobacillales,ERR260181,0.050366032
Streptococcaceae,Lactobacillales,ERR260181,0.140890451
Actinomycetaceae,Actinomycetales,ERR260182,0.043979058
Micrococcaceae,Actinomycetales,ERR260182,0.418499127
Bacteroidaceae,Bacteroidales,ERR260182,0.107509454
Porphyromonadaceae,Bacteroidales,ERR260182,0.135062129
Prevotellaceae,Bacteroidales,ERR260182,0.212317666
Rikenellaceae,Bacteroidales,ERR260182,0.284981091
Clostridiaceae,Clostridiales,ERR260182,0.116928447
Lachnospiraceae,Clostridiales,ERR260182,0.087173101
Peptostreptococcaceae,Clostridiales,ERR260182,0.366127024
Ruminococcaceae,Clostridiales,ERR260182,0.164257228
Lactobacillaceae,Lactobacillales,ERR260182,0.050366032
Streptococcaceae,Lactobacillales,ERR260182,0.140890451
Actinomycetaceae,Actinomycetales,ERR260185,0.043979058
Micrococcaceae,Actinomycetales,ERR260185,0.418499127
Bacteroidaceae,Bacteroidales,ERR260185,0.107509454
Porphyromonadaceae,Bacteroidales,ERR260185,0.135062129
Prevotellaceae,Bacteroidales,ERR260185,0.212317666
Rikenellaceae,Bacteroidales,ERR260185,0.284981091
Clostridiaceae,Clostridiales,ERR260185,0.116928447
Lachnospiraceae,Clostridiales,ERR260185,0.087173101
Peptostreptococcaceae,Clostridiales,ERR260185,0.366127024
Ruminococcaceae,Clostridiales,ERR260185,0.164257228
Lactobacillaceae,Lactobacillales,ERR260185,0.050366032
Streptococcaceae,Lactobacillales,ERR260185,0.140890451
Oxalobacteraceae,Burkholderiales,ERR260185,0.337734538
Suterellaceae,Burkholderiales,ERR260185,0.144544823
Actinomycetaceae,Actinomycetales,ERR260186,0.043979058
Micrococcaceae,Actinomycetales,ERR260186,0.418499127
Bacteroidaceae,Bacteroidales,ERR260186,0.107509454
Porphyromonadaceae,Bacteroidales,ERR260186,0.135062129
Prevotellaceae,Bacteroidales,ERR260186,0.212317666
Rikenellaceae,Bacteroidales,ERR260186,0.284981091
Clostridiaceae,Clostridiales,ERR260186,0.116928447
Lachnospiraceae,Clostridiales,ERR260186,0.087173101
Peptostreptococcaceae,Clostridiales,ERR260186,0.366127024
Ruminococcaceae,Clostridiales,ERR260186,0.164257228
Lactobacillaceae,Lactobacillales,ERR260186,0.058362369
Leuconostocaceae,Lactobacillales,ERR260186,0.410107464
Streptococcaceae,Lactobacillales,ERR260186,0.148126634
Actinomycetaceae,Actinomycetales,ERR260189,0.043979058
Micrococcaceae,Actinomycetales,ERR260189,0.418499127
Bacteroidaceae,Bacteroidales,ERR260189,0.088551724
Porphyromonadaceae,Bacteroidales,ERR260189,0.116689655
Rikenellaceae,Bacteroidales,ERR260189,0.269793103
Clostridiaceae,Clostridiales,ERR260189,0.116928447
Lachnospiraceae,Clostridiales,ERR260189,0.087173101
Peptostreptococcaceae,Clostridiales,ERR260189,0.366127024
Ruminococcaceae,Clostridiales,ERR260189,0.164257228
Lactobacillaceae,Lactobacillales,ERR260189,0.050366032
Streptococcaceae,Lactobacillales,ERR260189,0.140890451
Actinomycetaceae,Actinomycetales,ERR260194,0.043979058
Micrococcaceae,Actinomycetales,ERR260194,0.418499127
Bacteroidaceae,Bacteroidales,ERR260194,0.107509454
Porphyromonadaceae,Bacteroidales,ERR260194,0.135062129
Prevotellaceae,Bacteroidales,ERR260194,0.212317666
Rikenellaceae,Bacteroidales,ERR260194,0.284981091
Clostridiaceae,Clostridiales,ERR260194,0.105781368
Lachnospiraceae,Clostridiales,ERR260194,0.075662043
Ruminococcaceae,Clostridiales,ERR260194,0.153710247
Lactobacillaceae,Lactobacillales,ERR260194,0.058362369
Leuconostocaceae,Lactobacillales,ERR260194,0.410107464
Streptococcaceae,Lactobacillales,ERR260194,0.148126634
Actinomycetaceae,Actinomycetales,ERR260195,0.124920128
Corynebacteriaceae,Actinomycetales,ERR260195,0.336741214
Micrococcaceae,Actinomycetales,ERR260195,0.467731629
Bacteroidaceae,Bacteroidales,ERR260195,0.088551724
Porphyromonadaceae,Bacteroidales,ERR260195,0.116689655
Rikenellaceae,Bacteroidales,ERR260195,0.269793103
Clostridiaceae,Clostridiales,ERR260195,0.116928447
Lachnospiraceae,Clostridiales,ERR260195,0.087173101
Peptostreptococcaceae,Clostridiales,ERR260195,0.366127024
Ruminococcaceae,Clostridiales,ERR260195,0.164257228
Lactobacillaceae,Lactobacillales,ERR260195,0.050366032
Streptococcaceae,Lactobacillales,ERR260195,0.140890451
Actinomycetaceae,Actinomycetales,ERR260198,0.043979058
Micrococcaceae,Actinomycetales,ERR260198,0.418499127
Bacteroidaceae,Bacteroidales,ERR260198,0.088551724
Porphyromonadaceae,Bacteroidales,ERR260198,0.116689655
Rikenellaceae,Bacteroidales,ERR260198,0.269793103
Clostridiaceae,Clostridiales,ERR260198,0.116928447
Lachnospiraceae,Clostridiales,ERR260198,0.087173101
Peptostreptococcaceae,Clostridiales,ERR260198,0.366127024
Ruminococcaceae,Clostridiales,ERR260198,0.164257228
Lactobacillaceae,Lactobacillales,ERR260198,0.050366032
Streptococcaceae,Lactobacillales,ERR260198,0.140890451
Bacteroidaceae,Bacteroidales,ERR260199,0.107509454
Porphyromonadaceae,Bacteroidales,ERR260199,0.135062129
Prevotellaceae,Bacteroidales,ERR260199,0.212317666
Rikenellaceae,Bacteroidales,ERR260199,0.284981091
Clostridiaceae,Clostridiales,ERR260199,0.116928447
Lachnospiraceae,Clostridiales,ERR260199,0.087173101
Peptostreptococcaceae,Clostridiales,ERR260199,0.366127024
Ruminococcaceae,Clostridiales,ERR260199,0.164257228
Enterococcaceae,Lactobacillales,ERR260199,0.263339071
Lactobacillaceae,Lactobacillales,ERR260199,0.06997419
Streptococcaceae,Lactobacillales,ERR260199,0.158634538
Bacteroidaceae,Bacteroidales,ERR260200,0.107509454
Porphyromonadaceae,Bacteroidales,ERR260200,0.135062129
Prevotellaceae,Bacteroidales,ERR260200,0.212317666
Rikenellaceae,Bacteroidales,ERR260200,0.284981091
Clostridiaceae,Clostridiales,ERR260200,0.116928447
Lachnospiraceae,Clostridiales,ERR260200,0.087173101
Peptostreptococcaceae,Clostridiales,ERR260200,0.366127024
Ruminococcaceae,Clostridiales,ERR260200,0.164257228
Lactobacillaceae,Lactobacillales,ERR260200,0.050366032
Streptococcaceae,Lactobacillales,ERR260200,0.140890451
Bacteroidaceae,Bacteroidales,ERR260203,0.088551724
Porphyromonadaceae,Bacteroidales,ERR260203,0.116689655
Rikenellaceae,Bacteroidales,ERR260203,0.269793103
Clostridiaceae,Clostridiales,ERR260203,0.116928447
Lachnospiraceae,Clostridiales,ERR260203,0.087173101
Peptostreptococcaceae,Clostridiales,ERR260203,0.366127024
Ruminococcaceae,Clostridiales,ERR260203,0.164257228
Lactobacillaceae,Lactobacillales,ERR260203,0.050366032
Streptococcaceae,Lactobacillales,ERR260203,0.140890451
Bacteroidaceae,Bacteroidales,ERR260204,0.088551724
Porphyromonadaceae,Bacteroidales,ERR260204,0.116689655
Rikenellaceae,Bacteroidales,ERR260204,0.269793103
Clostridiaceae,Clostridiales,ERR260204,0.116928447
Lachnospiraceae,Clostridiales,ERR260204,0.087173101
Peptostreptococcaceae,Clostridiales,ERR260204,0.366127024
Ruminococcaceae,Clostridiales,ERR260204,0.164257228
Lactobacillaceae,Lactobacillales,ERR260204,0.058362369
Leuconostocaceae,Lactobacillales,ERR260204,0.410107464
Streptococcaceae,Lactobacillales,ERR260204,0.148126634
Actinomycetaceae,Actinomycetales,ERR260206,0.043979058
Micrococcaceae,Actinomycetales,ERR260206,0.418499127
Bacteroidaceae,Bacteroidales,ERR260206,0.107509454
Porphyromonadaceae,Bacteroidales,ERR260206,0.135062129
Prevotellaceae,Bacteroidales,ERR260206,0.212317666
Rikenellaceae,Bacteroidales,ERR260206,0.284981091
Clostridiaceae,Clostridiales,ERR260206,0.116928447
Lachnospiraceae,Clostridiales,ERR260206,0.087173101
Peptostreptococcaceae,Clostridiales,ERR260206,0.366127024
Ruminococcaceae,Clostridiales,ERR260206,0.164257228
Enterococcaceae,Lactobacillales,ERR260206,0.263339071
Lactobacillaceae,Lactobacillales,ERR260206,0.06997419
Streptococcaceae,Lactobacillales,ERR260206,0.158634538
Actinomycetaceae,Actinomycetales,ERR260214,0.043979058
Micrococcaceae,Actinomycetales,ERR260214,0.418499127
Bacteroidaceae,Bacteroidales,ERR260214,0.088551724
Porphyromonadaceae,Bacteroidales,ERR260214,0.116689655
Rikenellaceae,Bacteroidales,ERR260214,0.269793103
Clostridiaceae,Clostridiales,ERR260214,0.116928447
Lachnospiraceae,Clostridiales,ERR260214,0.087173101
Peptostreptococcaceae,Clostridiales,ERR260214,0.366127024
Ruminococcaceae,Clostridiales,ERR260214,0.164257228
Lactobacillaceae,Lactobacillales,ERR260214,0.050366032
Streptococcaceae,Lactobacillales,ERR260214,0.140890451
Actinomycetaceae,Actinomycetales,ERR260218,0.043979058
Micrococcaceae,Actinomycetales,ERR260218,0.418499127
Bacteroidaceae,Bacteroidales,ERR260218,0.088551724
Porphyromonadaceae,Bacteroidales,ERR260218,0.116689655
Rikenellaceae,Bacteroidales,ERR260218,0.269793103
Clostridiaceae,Clostridiales,ERR260218,0.116928447
Lachnospiraceae,Clostridiales,ERR260218,0.087173101
Peptostreptococcaceae,Clostridiales,ERR260218,0.366127024
Ruminococcaceae,Clostridiales,ERR260218,0.164257228
Lactobacillaceae,Lactobacillales,ERR260218,0.050366032
Streptococcaceae,Lactobacillales,ERR260218,0.140890451
Bacteroidaceae,Bacteroidales,ERR260222,0.088551724
Porphyromonadaceae,Bacteroidales,ERR260222,0.116689655
Rikenellaceae,Bacteroidales,ERR260222,0.269793103
Clostridiaceae,Clostridiales,ERR260222,0.105781368
Lachnospiraceae,Clostridiales,ERR260222,0.075662043
Ruminococcaceae,Clostridiales,ERR260222,0.153710247
Bacteroidaceae,Bacteroidales,ERR260223,0.088551724
Porphyromonadaceae,Bacteroidales,ERR260223,0.116689655
Rikenellaceae,Bacteroidales,ERR260223,0.269793103
Clostridiaceae,Clostridiales,ERR260223,0.105781368
Lachnospiraceae,Clostridiales,ERR260223,0.075662043
Ruminococcaceae,Clostridiales,ERR260223,0.153710247
Lactobacillaceae,Lactobacillales,ERR260223,0.050366032
Streptococcaceae,Lactobacillales,ERR260223,0.140890451
Bacteroidaceae,Bacteroidales,ERR260227,0.088551724
Porphyromonadaceae,Bacteroidales,ERR260227,0.116689655
Rikenellaceae,Bacteroidales,ERR260227,0.269793103
Clostridiaceae,Clostridiales,ERR260227,0.116928447
Lachnospiraceae,Clostridiales,ERR260227,0.087173101
Peptostreptococcaceae,Clostridiales,ERR260227,0.366127024
Ruminococcaceae,Clostridiales,ERR260227,0.164257228
Enterococcaceae,Lactobacillales,ERR260227,0.269208879
Lactobacillaceae,Lactobacillales,ERR260227,0.077382646
Leuconostocaceae,Lactobacillales,ERR260227,0.422026181
Streptococcaceae,Lactobacillales,ERR260227,0.165338645
Bacteroidaceae,Bacteroidales,ERR260230,0.088551724
Porphyromonadaceae,Bacteroidales,ERR260230,0.116689655
Rikenellaceae,Bacteroidales,ERR260230,0.269793103
Clostridiaceae,Clostridiales,ERR260230,0.116928447
Lachnospiraceae,Clostridiales,ERR260230,0.087173101
Peptostreptococcaceae,Clostridiales,ERR260230,0.366127024
Ruminococcaceae,Clostridiales,ERR260230,0.164257228
Lactobacillaceae,Lactobacillales,ERR260230,0.058362369
Leuconostocaceae,Lactobacillales,ERR260230,0.410107464
Streptococcaceae,Lactobacillales,ERR260230,0.148126634
Bacteroidaceae,Bacteroidales,ERR260231,0.088551724
Porphyromonadaceae,Bacteroidales,ERR260231,0.116689655
Rikenellaceae,Bacteroidales,ERR260231,0.269793103
Clostridiaceae,Clostridiales,ERR260231,0.105781368
Lachnospiraceae,Clostridiales,ERR260231,0.075662043
Ruminococcaceae,Clostridiales,ERR260231,0.153710247
Bacteroidaceae,Bacteroidales,ERR260235,0.088551724
Porphyromonadaceae,Bacteroidales,ERR260235,0.116689655
Rikenellaceae,Bacteroidales,ERR260235,0.269793103
Clostridiaceae,Clostridiales,ERR260235,0.105781368
Lachnospiraceae,Clostridiales,ERR260235,0.075662043
Ruminococcaceae,Clostridiales,ERR260235,0.153710247
Corynebacteriaceae,Actinomycetales,ERR260235,0.07197139
Micrococcaceae,Actinomycetales,ERR260235,0.25525257
Enterococcaceae,Lactobacillales,ERR260235,0.263339071
Lactobacillaceae,Lactobacillales,ERR260235,0.06997419
Streptococcaceae,Lactobacillales,ERR260235,0.158634538
Bacteroidaceae,Bacteroidales,ERR260238,0.088551724
Porphyromonadaceae,Bacteroidales,ERR260238,0.116689655
Rikenellaceae,Bacteroidales,ERR260238,0.269793103
Clostridiaceae,Clostridiales,ERR260238,0.116928447
Lachnospiraceae,Clostridiales,ERR260238,0.087173101
Peptostreptococcaceae,Clostridiales,ERR260238,0.366127024
Ruminococcaceae,Clostridiales,ERR260238,0.164257228
Actinomycetaceae,Actinomycetales,ERR260244,0.043979058
Micrococcaceae,Actinomycetales,ERR260244,0.418499127
Bacteroidaceae,Bacteroidales,ERR260244,0.088551724
Porphyromonadaceae,Bacteroidales,ERR260244,0.116689655
Rikenellaceae,Bacteroidales,ERR260244,0.269793103
Clostridiaceae,Clostridiales,ERR260244,0.116928447
Lachnospiraceae,Clostridiales,ERR260244,0.087173101
Peptostreptococcaceae,Clostridiales,ERR260244,0.366127024
Ruminococcaceae,Clostridiales,ERR260244,0.164257228
Lactobacillaceae,Lactobacillales,ERR260244,0.058362369
Leuconostocaceae,Lactobacillales,ERR260244,0.410107464
Streptococcaceae,Lactobacillales,ERR260244,0.148126634
Actinomycetaceae,Actinomycetales,ERR260245,0.043979058
Micrococcaceae,Actinomycetales,ERR260245,0.418499127
Bacteroidaceae,Bacteroidales,ERR260245,0.107509454
Porphyromonadaceae,Bacteroidales,ERR260245,0.135062129
Prevotellaceae,Bacteroidales,ERR260245,0.212317666
Rikenellaceae,Bacteroidales,ERR260245,0.284981091
Clostridiaceae,Clostridiales,ERR260245,0.116928447
Lachnospiraceae,Clostridiales,ERR260245,0.087173101
Peptostreptococcaceae,Clostridiales,ERR260245,0.366127024
Ruminococcaceae,Clostridiales,ERR260245,0.164257228
Comamonadaceae,Burkholderiales,ERR260245,0.103536648
Oxalobacteraceae,Burkholderiales,ERR260245,0.511532547
Suterellaceae,Burkholderiales,ERR260245,0.369041517
Lactobacillaceae,Lactobacillales,ERR260245,0.050366032
Streptococcaceae,Lactobacillales,ERR260245,0.140890451
Bacteroidaceae,Bacteroidales,ERR260246,0.088551724
Porphyromonadaceae,Bacteroidales,ERR260246,0.116689655
Rikenellaceae,Bacteroidales,ERR260246,0.269793103
Clostridiaceae,Clostridiales,ERR260246,0.105781368
Lachnospiraceae,Clostridiales,ERR260246,0.075662043
Ruminococcaceae,Clostridiales,ERR260246,0.153710247
Lactobacillaceae,Lactobacillales,ERR260246,0.050366032
Streptococcaceae,Lactobacillales,ERR260246,0.140890451
Actinomycetaceae,Actinomycetales,ERR260250,0.043979058
Micrococcaceae,Actinomycetales,ERR260250,0.418499127
Bacteroidaceae,Bacteroidales,ERR260250,0.088551724
Porphyromonadaceae,Bacteroidales,ERR260250,0.116689655
Rikenellaceae,Bacteroidales,ERR260250,0.269793103
Clostridiaceae,Clostridiales,ERR260250,0.116928447
Lachnospiraceae,Clostridiales,ERR260250,0.087173101
Peptostreptococcaceae,Clostridiales,ERR260250,0.366127024
Ruminococcaceae,Clostridiales,ERR260250,0.164257228
Lactobacillaceae,Lactobacillales,ERR260250,0.058362369
Leuconostocaceae,Lactobacillales,ERR260250,0.410107464
Streptococcaceae,Lactobacillales,ERR260250,0.148126634
Actinomycetaceae,Actinomycetales,ERR260251,0.043979058
Micrococcaceae,Actinomycetales,ERR260251,0.418499127
Bacteroidaceae,Bacteroidales,ERR260251,0.088551724
Porphyromonadaceae,Bacteroidales,ERR260251,0.116689655
Rikenellaceae,Bacteroidales,ERR260251,0.269793103
Clostridiaceae,Clostridiales,ERR260251,0.116928447
Lachnospiraceae,Clostridiales,ERR260251,0.087173101
Peptostreptococcaceae,Clostridiales,ERR260251,0.366127024
Ruminococcaceae,Clostridiales,ERR260251,0.164257228
Lactobacillaceae,Lactobacillales,ERR260251,0.058362369
Leuconostocaceae,Lactobacillales,ERR260251,0.410107464
Streptococcaceae,Lactobacillales,ERR260251,0.148126634
Bacteroidaceae,Bacteroidales,ERR260252,0.107509454
Porphyromonadaceae,Bacteroidales,ERR260252,0.135062129
Prevotellaceae,Bacteroidales,ERR260252,0.212317666
Rikenellaceae,Bacteroidales,ERR260252,0.284981091
Clostridiaceae,Clostridiales,ERR260252,0.116928447
Lachnospiraceae,Clostridiales,ERR260252,0.087173101
Peptostreptococcaceae,Clostridiales,ERR260252,0.366127024
Ruminococcaceae,Clostridiales,ERR260252,0.164257228
Enterococcaceae,Lactobacillales,ERR260252,0.263339071
Lactobacillaceae,Lactobacillales,ERR260252,0.06997419
Streptococcaceae,Lactobacillales,ERR260252,0.158634538
Bacteroidaceae,Bacteroidales,ERR260258,0.088551724
Porphyromonadaceae,Bacteroidales,ERR260258,0.116689655
Rikenellaceae,Bacteroidales,ERR260258,0.269793103
Clostridiaceae,Clostridiales,ERR260258,0.116928447
Lachnospiraceae,Clostridiales,ERR260258,0.087173101
Peptostreptococcaceae,Clostridiales,ERR260258,0.366127024
Ruminococcaceae,Clostridiales,ERR260258,0.164257228
Enterococcaceae,Lactobacillales,ERR260258,0.263339071
Lactobacillaceae,Lactobacillales,ERR260258,0.06997419
Streptococcaceae,Lactobacillales,ERR260258,0.158634538
Bacteroidaceae,Bacteroidales,ERR260261,0.088551724
Porphyromonadaceae,Bacteroidales,ERR260261,0.116689655
Rikenellaceae,Bacteroidales,ERR260261,0.269793103
Clostridiaceae,Clostridiales,ERR260261,0.116928447
Lachnospiraceae,Clostridiales,ERR260261,0.087173101
Peptostreptococcaceae,Clostridiales,ERR260261,0.366127024
Ruminococcaceae,Clostridiales,ERR260261,0.164257228
Lactobacillaceae,Lactobacillales,ERR260261,0.050366032
Streptococcaceae,Lactobacillales,ERR260261,0.140890451
Bacteroidaceae,Bacteroidales,ERR260270,0.088551724
Porphyromonadaceae,Bacteroidales,ERR260270,0.116689655
Rikenellaceae,Bacteroidales,ERR260270,0.269793103
Clostridiaceae,Clostridiales,ERR260270,0.105781368
Lachnospiraceae,Clostridiales,ERR260270,0.075662043
Ruminococcaceae,Clostridiales,ERR260270,0.153710247
Lactobacillaceae,Lactobacillales,ERR260270,0.050366032
Streptococcaceae,Lactobacillales,ERR260270,0.140890451
Bacteroidaceae,Bacteroidales,ERR260275,0.088551724
Porphyromonadaceae,Bacteroidales,ERR260275,0.116689655
Rikenellaceae,Bacteroidales,ERR260275,0.269793103
Clostridiaceae,Clostridiales,ERR260275,0.105781368
Lachnospiraceae,Clostridiales,ERR260275,0.075662043
Ruminococcaceae,Clostridiales,ERR260275,0.153710247
Lactobacillaceae,Lactobacillales,ERR260275,0.050366032
Streptococcaceae,Lactobacillales,ERR260275,0.140890451
Bacteroidaceae,Bacteroidales,ERR260276,0.088551724
Porphyromonadaceae,Bacteroidales,ERR260276,0.116689655
Rikenellaceae,Bacteroidales,ERR260276,0.269793103
Lachnospiraceae,Clostridiales,ERR260276,0.040324692
Ruminococcaceae,Clostridiales,ERR260276,0.121331237
Lactobacillaceae,Lactobacillales,ERR260276,0.050366032
Streptococcaceae,Lactobacillales,ERR260276,0.140890451
Bacteroidaceae,Bacteroidales,ERR275251,0.088551724
Porphyromonadaceae,Bacteroidales,ERR275251,0.116689655
Rikenellaceae,Bacteroidales,ERR275251,0.269793103
Clostridiaceae,Clostridiales,ERR275251,0.116928447
Lachnospiraceae,Clostridiales,ERR275251,0.087173101
Peptostreptococcaceae,Clostridiales,ERR275251,0.366127024
Ruminococcaceae,Clostridiales,ERR275251,0.164257228
Bacteroidaceae,Bacteroidales,ERR321108,0.088551724
Porphyromonadaceae,Bacteroidales,ERR321108,0.116689655
Rikenellaceae,Bacteroidales,ERR321108,0.269793103
Clostridiaceae,Clostridiales,ERR321108,0.105781368
Lachnospiraceae,Clostridiales,ERR321108,0.075662043
Ruminococcaceae,Clostridiales,ERR321108,0.153710247
Bacteroidaceae,Bacteroidales,ERR321144,0.088551724
Porphyromonadaceae,Bacteroidales,ERR321144,0.116689655
Rikenellaceae,Bacteroidales,ERR321144,0.269793103
Clostridiaceae,Clostridiales,ERR321144,0.105781368
Lachnospiraceae,Clostridiales,ERR321144,0.075662043
Ruminococcaceae,Clostridiales,ERR321144,0.153710247
Lactobacillaceae,Lactobacillales,ERR321144,0.050366032
Streptococcaceae,Lactobacillales,ERR321144,0.140890451
Bacteroidaceae,Bacteroidales,ERR321148,0.088551724
Porphyromonadaceae,Bacteroidales,ERR321148,0.116689655
Rikenellaceae,Bacteroidales,ERR321148,0.269793103
Clostridiaceae,Clostridiales,ERR321148,0.105781368
Lachnospiraceae,Clostridiales,ERR321148,0.075662043
Ruminococcaceae,Clostridiales,ERR321148,0.153710247
Bacteroidaceae,Bacteroidales,ERR321150,0.088551724
Porphyromonadaceae,Bacteroidales,ERR321150,0.116689655
Rikenellaceae,Bacteroidales,ERR321150,0.269793103
Clostridiaceae,Clostridiales,ERR321150,0.105781368
Lachnospiraceae,Clostridiales,ERR321150,0.075662043
Ruminococcaceae,Clostridiales,ERR321150,0.153710247
Bacteroidaceae,Bacteroidales,ERR321168,0.088551724
Porphyromonadaceae,Bacteroidales,ERR321168,0.116689655
Rikenellaceae,Bacteroidales,ERR321168,0.269793103
Lachnospiraceae,Clostridiales,ERR321168,0.040324692
Ruminococcaceae,Clostridiales,ERR321168,0.121331237
Bacteroidaceae,Bacteroidales,ERR321172,0.088551724
Porphyromonadaceae,Bacteroidales,ERR321172,0.116689655
Rikenellaceae,Bacteroidales,ERR321172,0.269793103
Lachnospiraceae,Clostridiales,ERR321172,0.040324692
Ruminococcaceae,Clostridiales,ERR321172,0.121331237
Bacteroidaceae,Bacteroidales,ERR321182,0.107509454
Porphyromonadaceae,Bacteroidales,ERR321182,0.135062129
Prevotellaceae,Bacteroidales,ERR321182,0.212317666
Rikenellaceae,Bacteroidales,ERR321182,0.284981091
Clostridiaceae,Clostridiales,ERR321182,0.116928447
Lachnospiraceae,Clostridiales,ERR321182,0.087173101
Peptostreptococcaceae,Clostridiales,ERR321182,0.366127024
Ruminococcaceae,Clostridiales,ERR321182,0.164257228
Bacteroidaceae,Bacteroidales,ERR321188,0.088551724
Porphyromonadaceae,Bacteroidales,ERR321188,0.116689655
Rikenellaceae,Bacteroidales,ERR321188,0.269793103
Lachnospiraceae,Clostridiales,ERR321188,0.040324692
Ruminococcaceae,Clostridiales,ERR321188,0.121331237
Bacteroidaceae,Bacteroidales,ERR321190,0.088551724
Porphyromonadaceae,Bacteroidales,ERR321190,0.116689655
Rikenellaceae,Bacteroidales,ERR321190,0.269793103
Clostridiaceae,Clostridiales,ERR321190,0.105781368
Lachnospiraceae,Clostridiales,ERR321190,0.075662043
Ruminococcaceae,Clostridiales,ERR321190,0.153710247
Bacteroidaceae,Bacteroidales,ERR321202,0.107509454
Porphyromonadaceae,Bacteroidales,ERR321202,0.135062129
Prevotellaceae,Bacteroidales,ERR321202,0.212317666
Rikenellaceae,Bacteroidales,ERR321202,0.284981091
Clostridiaceae,Clostridiales,ERR321202,0.105781368
Lachnospiraceae,Clostridiales,ERR321202,0.075662043
Ruminococcaceae,Clostridiales,ERR321202,0.153710247
Bacteroidaceae,Bacteroidales,ERR321204,0.107509454
Porphyromonadaceae,Bacteroidales,ERR321204,0.135062129
Prevotellaceae,Bacteroidales,ERR321204,0.212317666
Rikenellaceae,Bacteroidales,ERR321204,0.284981091
Clostridiaceae,Clostridiales,ERR321204,0.116928447
Lachnospiraceae,Clostridiales,ERR321204,0.087173101
Peptostreptococcaceae,Clostridiales,ERR321204,0.366127024
Ruminococcaceae,Clostridiales,ERR321204,0.164257228
Bacteroidaceae,Bacteroidales,ERR321208,0.088551724
Porphyromonadaceae,Bacteroidales,ERR321208,0.116689655
Rikenellaceae,Bacteroidales,ERR321208,0.269793103
Clostridiaceae,Clostridiales,ERR321208,0.105781368
Lachnospiraceae,Clostridiales,ERR321208,0.075662043
Ruminococcaceae,Clostridiales,ERR321208,0.153710247
Bacteroidaceae,Bacteroidales,ERR321221,0.088551724
Porphyromonadaceae,Bacteroidales,ERR321221,0.116689655
Rikenellaceae,Bacteroidales,ERR321221,0.269793103
Clostridiaceae,Clostridiales,ERR321221,0.105781368
Lachnospiraceae,Clostridiales,ERR321221,0.075662043
Ruminococcaceae,Clostridiales,ERR321221,0.153710247
Lactobacillaceae,Lactobacillales,ERR321221,0.050366032
Streptococcaceae,Lactobacillales,ERR321221,0.140890451
Bacteroidaceae,Bacteroidales,ERR321229,0.107509454
Porphyromonadaceae,Bacteroidales,ERR321229,0.135062129
Prevotellaceae,Bacteroidales,ERR321229,0.212317666
Rikenellaceae,Bacteroidales,ERR321229,0.284981091
Clostridiaceae,Clostridiales,ERR321229,0.116928447
Lachnospiraceae,Clostridiales,ERR321229,0.087173101
Peptostreptococcaceae,Clostridiales,ERR321229,0.366127024
Ruminococcaceae,Clostridiales,ERR321229,0.164257228
Bacteroidaceae,Bacteroidales,ERR321239,0.088551724
Porphyromonadaceae,Bacteroidales,ERR321239,0.116689655
Rikenellaceae,Bacteroidales,ERR321239,0.269793103
Clostridiaceae,Clostridiales,ERR321239,0.105781368
Lachnospiraceae,Clostridiales,ERR321239,0.075662043
Ruminococcaceae,Clostridiales,ERR321239,0.153710247
Bacteroidaceae,Bacteroidales,ERR321243,0.088551724
Porphyromonadaceae,Bacteroidales,ERR321243,0.116689655
Rikenellaceae,Bacteroidales,ERR321243,0.269793103
Clostridiaceae,Clostridiales,ERR321243,0.105781368
Lachnospiraceae,Clostridiales,ERR321243,0.075662043
Ruminococcaceae,Clostridiales,ERR321243,0.153710247
Bacteroidaceae,Bacteroidales,ERR321247,0.088551724
Porphyromonadaceae,Bacteroidales,ERR321247,0.116689655
Rikenellaceae,Bacteroidales,ERR321247,0.269793103
Clostridiaceae,Clostridiales,ERR321247,0.105781368
Lachnospiraceae,Clostridiales,ERR321247,0.075662043
Ruminococcaceae,Clostridiales,ERR321247,0.153710247
Bacteroidaceae,Bacteroidales,ERR321251,0.074768972
Porphyromonadaceae,Bacteroidales,ERR321251,0.1033324
Clostridiaceae,Clostridiales,ERR321251,0.105781368
Lachnospiraceae,Clostridiales,ERR321251,0.075662043
Ruminococcaceae,Clostridiales,ERR321251,0.153710247
Bacteroidaceae,Bacteroidales,ERR321252,0.088551724
Porphyromonadaceae,Bacteroidales,ERR321252,0.116689655
Rikenellaceae,Bacteroidales,ERR321252,0.269793103
Clostridiaceae,Clostridiales,ERR321252,0.116928447
Lachnospiraceae,Clostridiales,ERR321252,0.087173101
Peptostreptococcaceae,Clostridiales,ERR321252,0.366127024
Ruminococcaceae,Clostridiales,ERR321252,0.164257228
Bacteroidaceae,Bacteroidales,ERR321292,0.107509454
Porphyromonadaceae,Bacteroidales,ERR321292,0.135062129
Prevotellaceae,Bacteroidales,ERR321292,0.212317666
Rikenellaceae,Bacteroidales,ERR321292,0.284981091
Clostridiaceae,Clostridiales,ERR321292,0.116928447
Lachnospiraceae,Clostridiales,ERR321292,0.087173101
Peptostreptococcaceae,Clostridiales,ERR321292,0.366127024
Ruminococcaceae,Clostridiales,ERR321292,0.164257228
Lactobacillaceae,Lactobacillales,ERR321292,0.050366032
Streptococcaceae,Lactobacillales,ERR321292,0.140890451
Bacteroidaceae,Bacteroidales,ERR321316,0.088551724
Porphyromonadaceae,Bacteroidales,ERR321316,0.116689655
Rikenellaceae,Bacteroidales,ERR321316,0.269793103
Clostridiaceae,Clostridiales,ERR321316,0.105781368
Lachnospiraceae,Clostridiales,ERR321316,0.075662043
Ruminococcaceae,Clostridiales,ERR321316,0.153710247
Bacteroidaceae,Bacteroidales,ERR321358,0.088551724
Porphyromonadaceae,Bacteroidales,ERR321358,0.116689655
Rikenellaceae,Bacteroidales,ERR321358,0.269793103
Clostridiaceae,Clostridiales,ERR321358,0.105781368
Lachnospiraceae,Clostridiales,ERR321358,0.075662043
Ruminococcaceae,Clostridiales,ERR321358,0.153710247
Bacteroidaceae,Bacteroidales,ERR321376,0.088551724
Porphyromonadaceae,Bacteroidales,ERR321376,0.116689655
Rikenellaceae,Bacteroidales,ERR321376,0.269793103
Clostridiaceae,Clostridiales,ERR321376,0.105781368
Lachnospiraceae,Clostridiales,ERR321376,0.075662043
Ruminococcaceae,Clostridiales,ERR321376,0.153710247
Bacteroidaceae,Bacteroidales,ERR321393,0.107509454
Porphyromonadaceae,Bacteroidales,ERR321393,0.135062129
Prevotellaceae,Bacteroidales,ERR321393,0.212317666
Rikenellaceae,Bacteroidales,ERR321393,0.284981091
Clostridiaceae,Clostridiales,ERR321393,0.105781368
Lachnospiraceae,Clostridiales,ERR321393,0.075662043
Ruminococcaceae,Clostridiales,ERR321393,0.153710247
Bacteroidaceae,Bacteroidales,ERR321397,0.107509454
Porphyromonadaceae,Bacteroidales,ERR321397,0.135062129
Prevotellaceae,Bacteroidales,ERR321397,0.212317666
Rikenellaceae,Bacteroidales,ERR321397,0.284981091
Clostridiaceae,Clostridiales,ERR321397,0.116928447
Lachnospiraceae,Clostridiales,ERR321397,0.087173101
Peptostreptococcaceae,Clostridiales,ERR321397,0.366127024
Ruminococcaceae,Clostridiales,ERR321397,0.164257228
Bacteroidaceae,Bacteroidales,ERR321428,0.088551724
Porphyromonadaceae,Bacteroidales,ERR321428,0.116689655
Rikenellaceae,Bacteroidales,ERR321428,0.269793103
Clostridiaceae,Clostridiales,ERR321428,0.105781368
Lachnospiraceae,Clostridiales,ERR321428,0.075662043
Ruminococcaceae,Clostridiales,ERR321428,0.153710247
Bacteroidaceae,Bacteroidales,ERR321432,0.088551724
Porphyromonadaceae,Bacteroidales,ERR321432,0.116689655
Rikenellaceae,Bacteroidales,ERR321432,0.269793103
Clostridiaceae,Clostridiales,ERR321432,0.105781368
Lachnospiraceae,Clostridiales,ERR321432,0.075662043
Ruminococcaceae,Clostridiales,ERR321432,0.153710247
Bacteroidaceae,Bacteroidales,ERR321441,0.107509454
Porphyromonadaceae,Bacteroidales,ERR321441,0.135062129
Prevotellaceae,Bacteroidales,ERR321441,0.212317666
Rikenellaceae,Bacteroidales,ERR321441,0.284981091
Clostridiaceae,Clostridiales,ERR321441,0.116928447
Lachnospiraceae,Clostridiales,ERR321441,0.087173101
Peptostreptococcaceae,Clostridiales,ERR321441,0.366127024
Ruminococcaceae,Clostridiales,ERR321441,0.164257228
Oxalobacteraceae,Burkholderiales,ERR321441,0.337734538
Suterellaceae,Burkholderiales,ERR321441,0.144544823
Bacteroidaceae,Bacteroidales,ERR321453,0.088551724
Porphyromonadaceae,Bacteroidales,ERR321453,0.116689655
Rikenellaceae,Bacteroidales,ERR321453,0.269793103
Clostridiaceae,Clostridiales,ERR321453,0.105781368
Lachnospiraceae,Clostridiales,ERR321453,0.075662043
Ruminococcaceae,Clostridiales,ERR321453,0.153710247
Bacteroidaceae,Bacteroidales,ERR321480,0.107509454
Porphyromonadaceae,Bacteroidales,ERR321480,0.135062129
Prevotellaceae,Bacteroidales,ERR321480,0.212317666
Rikenellaceae,Bacteroidales,ERR321480,0.284981091
Clostridiaceae,Clostridiales,ERR321480,0.116928447
Lachnospiraceae,Clostridiales,ERR321480,0.087173101
Peptostreptococcaceae,Clostridiales,ERR321480,0.366127024
Ruminococcaceae,Clostridiales,ERR321480,0.164257228
Bacteroidaceae,Bacteroidales,ERR321487,0.088551724
Porphyromonadaceae,Bacteroidales,ERR321487,0.116689655
Rikenellaceae,Bacteroidales,ERR321487,0.269793103
Clostridiaceae,Clostridiales,ERR321487,0.105781368
Lachnospiraceae,Clostridiales,ERR321487,0.075662043
Ruminococcaceae,Clostridiales,ERR321487,0.153710247
Bacteroidaceae,Bacteroidales,ERR321493,0.107509454
Porphyromonadaceae,Bacteroidales,ERR321493,0.135062129
Prevotellaceae,Bacteroidales,ERR321493,0.212317666
Rikenellaceae,Bacteroidales,ERR321493,0.284981091
Clostridiaceae,Clostridiales,ERR321493,0.105781368
Lachnospiraceae,Clostridiales,ERR321493,0.075662043
Ruminococcaceae,Clostridiales,ERR321493,0.153710247
Lactobacillaceae,Lactobacillales,ERR321493,0.050366032
Streptococcaceae,Lactobacillales,ERR321493,0.140890451
Bacteroidaceae,Bacteroidales,ERR321509,0.088551724
Porphyromonadaceae,Bacteroidales,ERR321509,0.116689655
Rikenellaceae,Bacteroidales,ERR321509,0.269793103
Clostridiaceae,Clostridiales,ERR321509,0.105781368
Lachnospiraceae,Clostridiales,ERR321509,0.075662043
Ruminococcaceae,Clostridiales,ERR321509,0.153710247
Bacteroidaceae,Bacteroidales,ERR321515,0.088551724
Porphyromonadaceae,Bacteroidales,ERR321515,0.116689655
Rikenellaceae,Bacteroidales,ERR321515,0.269793103
Clostridiaceae,Clostridiales,ERR321515,0.105781368
Lachnospiraceae,Clostridiales,ERR321515,0.075662043
Ruminococcaceae,Clostridiales,ERR321515,0.153710247
Bacteroidaceae,Bacteroidales,ERR321519,0.088551724
Porphyromonadaceae,Bacteroidales,ERR321519,0.116689655
Rikenellaceae,Bacteroidales,ERR321519,0.269793103
Clostridiaceae,Clostridiales,ERR321519,0.105781368
Lachnospiraceae,Clostridiales,ERR321519,0.075662043
Ruminococcaceae,Clostridiales,ERR321519,0.153710247
Bacteroidaceae,Bacteroidales,ERR321528,0.088551724
Porphyromonadaceae,Bacteroidales,ERR321528,0.116689655
Rikenellaceae,Bacteroidales,ERR321528,0.269793103
Clostridiaceae,Clostridiales,ERR321528,0.105781368
Lachnospiraceae,Clostridiales,ERR321528,0.075662043
Ruminococcaceae,Clostridiales,ERR321528,0.153710247
Bacteroidaceae,Bacteroidales,ERR321537,0.107509454
Porphyromonadaceae,Bacteroidales,ERR321537,0.135062129
Prevotellaceae,Bacteroidales,ERR321537,0.212317666
Rikenellaceae,Bacteroidales,ERR321537,0.284981091
Clostridiaceae,Clostridiales,ERR321537,0.105781368
Lachnospiraceae,Clostridiales,ERR321537,0.075662043
Ruminococcaceae,Clostridiales,ERR321537,0.153710247
Lactobacillaceae,Lactobacillales,ERR321537,0.050366032
Streptococcaceae,Lactobacillales,ERR321537,0.140890451
Bacteroidaceae,Bacteroidales,ERR321548,0.107509454
Porphyromonadaceae,Bacteroidales,ERR321548,0.135062129
Prevotellaceae,Bacteroidales,ERR321548,0.212317666
Rikenellaceae,Bacteroidales,ERR321548,0.284981091
Clostridiaceae,Clostridiales,ERR321548,0.105781368
Lachnospiraceae,Clostridiales,ERR321548,0.075662043
Ruminococcaceae,Clostridiales,ERR321548,0.153710247
Lactobacillaceae,Lactobacillales,ERR321548,0.050366032
Streptococcaceae,Lactobacillales,ERR321548,0.140890451
Actinomycetaceae,Actinomycetales,ERR321553,0.043979058
Micrococcaceae,Actinomycetales,ERR321553,0.418499127
Bacteroidaceae,Bacteroidales,ERR321553,0.107509454
Porphyromonadaceae,Bacteroidales,ERR321553,0.135062129
Prevotellaceae,Bacteroidales,ERR321553,0.212317666
Rikenellaceae,Bacteroidales,ERR321553,0.284981091
Clostridiaceae,Clostridiales,ERR321553,0.116928447
Lachnospiraceae,Clostridiales,ERR321553,0.087173101
Peptostreptococcaceae,Clostridiales,ERR321553,0.366127024
Ruminococcaceae,Clostridiales,ERR321553,0.164257228
Lactobacillaceae,Lactobacillales,ERR321553,0.050366032
Streptococcaceae,Lactobacillales,ERR321553,0.140890451
Oxalobacteraceae,Burkholderiales,ERR321553,0.337734538
Suterellaceae,Burkholderiales,ERR321553,0.144544823
Bacteroidaceae,Bacteroidales,ERR321560,0.107509454
Porphyromonadaceae,Bacteroidales,ERR321560,0.135062129
Prevotellaceae,Bacteroidales,ERR321560,0.212317666
Rikenellaceae,Bacteroidales,ERR321560,0.284981091
Clostridiaceae,Clostridiales,ERR321560,0.116928447
Lachnospiraceae,Clostridiales,ERR321560,0.087173101
Peptostreptococcaceae,Clostridiales,ERR321560,0.366127024
Ruminococcaceae,Clostridiales,ERR321560,0.164257228
Lactobacillaceae,Lactobacillales,ERR321560,0.050366032
Streptococcaceae,Lactobacillales,ERR321560,0.140890451
Bacteroidaceae,Bacteroidales,ERR321562,0.088551724
Porphyromonadaceae,Bacteroidales,ERR321562,0.116689655
Rikenellaceae,Bacteroidales,ERR321562,0.269793103
Clostridiaceae,Clostridiales,ERR321562,0.105781368
Lachnospiraceae,Clostridiales,ERR321562,0.075662043
Ruminococcaceae,Clostridiales,ERR321562,0.153710247
Bacteroidaceae,Bacteroidales,ERR321567,0.088551724
Porphyromonadaceae,Bacteroidales,ERR321567,0.116689655
Rikenellaceae,Bacteroidales,ERR321567,0.269793103
Clostridiaceae,Clostridiales,ERR321567,0.105781368
Lachnospiraceae,Clostridiales,ERR321567,0.075662043
Ruminococcaceae,Clostridiales,ERR321567,0.153710247
Bacteroidaceae,Bacteroidales,ERR321568,0.107509454
Porphyromonadaceae,Bacteroidales,ERR321568,0.135062129
Prevotellaceae,Bacteroidales,ERR321568,0.212317666
Rikenellaceae,Bacteroidales,ERR321568,0.284981091
Clostridiaceae,Clostridiales,ERR321568,0.116928447
Lachnospiraceae,Clostridiales,ERR321568,0.087173101
Peptostreptococcaceae,Clostridiales,ERR321568,0.366127024
Ruminococcaceae,Clostridiales,ERR321568,0.164257228
Lactobacillaceae,Lactobacillales,ERR321568,0.050366032
Streptococcaceae,Lactobacillales,ERR321568,0.140890451
Bacteroidaceae,Bacteroidales,ERR321578,0.107509454
Porphyromonadaceae,Bacteroidales,ERR321578,0.135062129
Prevotellaceae,Bacteroidales,ERR321578,0.212317666
Rikenellaceae,Bacteroidales,ERR321578,0.284981091
Clostridiaceae,Clostridiales,ERR321578,0.116928447
Lachnospiraceae,Clostridiales,ERR321578,0.087173101
Peptostreptococcaceae,Clostridiales,ERR321578,0.366127024
Ruminococcaceae,Clostridiales,ERR321578,0.164257228
Lactobacillaceae,Lactobacillales,ERR321578,0.050366032
Streptococcaceae,Lactobacillales,ERR321578,0.140890451
Bacteroidaceae,Bacteroidales,ERR321584,0.107509454
Porphyromonadaceae,Bacteroidales,ERR321584,0.135062129
Prevotellaceae,Bacteroidales,ERR321584,0.212317666
Rikenellaceae,Bacteroidales,ERR321584,0.284981091
Clostridiaceae,Clostridiales,ERR321584,0.116928447
Lachnospiraceae,Clostridiales,ERR321584,0.087173101
Peptostreptococcaceae,Clostridiales,ERR321584,0.366127024
Ruminococcaceae,Clostridiales,ERR321584,0.164257228
Lactobacillaceae,Lactobacillales,ERR321584,0.050366032
Streptococcaceae,Lactobacillales,ERR321584,0.140890451
Oxalobacteraceae,Burkholderiales,ERR321584,0.337734538
Suterellaceae,Burkholderiales,ERR321584,0.144544823
Actinomycetaceae,Actinomycetales,ERR321587,0.043979058
Micrococcaceae,Actinomycetales,ERR321587,0.418499127
Bacteroidaceae,Bacteroidales,ERR321587,0.107509454
Porphyromonadaceae,Bacteroidales,ERR321587,0.135062129
Prevotellaceae,Bacteroidales,ERR321587,0.212317666
Rikenellaceae,Bacteroidales,ERR321587,0.284981091
Clostridiaceae,Clostridiales,ERR321587,0.116928447
Lachnospiraceae,Clostridiales,ERR321587,0.087173101
Peptostreptococcaceae,Clostridiales,ERR321587,0.366127024
Ruminococcaceae,Clostridiales,ERR321587,0.164257228
Lactobacillaceae,Lactobacillales,ERR321587,0.050366032
Streptococcaceae,Lactobacillales,ERR321587,0.140890451
Bacteroidaceae,Bacteroidales,ERR321589,0.107509454
Porphyromonadaceae,Bacteroidales,ERR321589,0.135062129
Prevotellaceae,Bacteroidales,ERR321589,0.212317666
Rikenellaceae,Bacteroidales,ERR321589,0.284981091
Clostridiaceae,Clostridiales,ERR321589,0.116928447
Lachnospiraceae,Clostridiales,ERR321589,0.087173101
Peptostreptococcaceae,Clostridiales,ERR321589,0.366127024
Ruminococcaceae,Clostridiales,ERR321589,0.164257228
Lactobacillaceae,Lactobacillales,ERR321589,0.050366032
Streptococcaceae,Lactobacillales,ERR321589,0.140890451
Bacteroidaceae,Bacteroidales,ERR321590,0.088551724
Porphyromonadaceae,Bacteroidales,ERR321590,0.116689655
Rikenellaceae,Bacteroidales,ERR321590,0.269793103
Clostridiaceae,Clostridiales,ERR321590,0.116928447
Lachnospiraceae,Clostridiales,ERR321590,0.087173101
Peptostreptococcaceae,Clostridiales,ERR321590,0.366127024
Ruminococcaceae,Clostridiales,ERR321590,0.164257228
Bacteroidaceae,Bacteroidales,ERR321592,0.107509454
Porphyromonadaceae,Bacteroidales,ERR321592,0.135062129
Prevotellaceae,Bacteroidales,ERR321592,0.212317666
Rikenellaceae,Bacteroidales,ERR321592,0.284981091
Clostridiaceae,Clostridiales,ERR321592,0.116928447
Lachnospiraceae,Clostridiales,ERR321592,0.087173101
Peptostreptococcaceae,Clostridiales,ERR321592,0.366127024
Ruminococcaceae,Clostridiales,ERR321592,0.164257228
Bacteroidaceae,Bacteroidales,ERR321602,0.107509454
Porphyromonadaceae,Bacteroidales,ERR321602,0.135062129
Prevotellaceae,Bacteroidales,ERR321602,0.212317666
Rikenellaceae,Bacteroidales,ERR321602,0.284981091
Clostridiaceae,Clostridiales,ERR321602,0.116928447
Lachnospiraceae,Clostridiales,ERR321602,0.087173101
Peptostreptococcaceae,Clostridiales,ERR321602,0.366127024
Ruminococcaceae,Clostridiales,ERR321602,0.164257228
Bacteroidaceae,Bacteroidales,ERR321606,0.107509454
Porphyromonadaceae,Bacteroidales,ERR321606,0.135062129
Prevotellaceae,Bacteroidales,ERR321606,0.212317666
Rikenellaceae,Bacteroidales,ERR321606,0.284981091
Clostridiaceae,Clostridiales,ERR321606,0.116928447
Lachnospiraceae,Clostridiales,ERR321606,0.087173101
Peptostreptococcaceae,Clostridiales,ERR321606,0.366127024
Ruminococcaceae,Clostridiales,ERR321606,0.164257228
Lactobacillaceae,Lactobacillales,ERR321606,0.050366032
Streptococcaceae,Lactobacillales,ERR321606,0.140890451
Bacteroidaceae,Bacteroidales,ERR321608,0.088551724
Porphyromonadaceae,Bacteroidales,ERR321608,0.116689655
Rikenellaceae,Bacteroidales,ERR321608,0.269793103
Clostridiaceae,Clostridiales,ERR321608,0.116928447
Lachnospiraceae,Clostridiales,ERR321608,0.087173101
Peptostreptococcaceae,Clostridiales,ERR321608,0.366127024
Ruminococcaceae,Clostridiales,ERR321608,0.164257228
Bacteroidaceae,Bacteroidales,ERR321612,0.107509454
Porphyromonadaceae,Bacteroidales,ERR321612,0.135062129
Prevotellaceae,Bacteroidales,ERR321612,0.212317666
Rikenellaceae,Bacteroidales,ERR321612,0.284981091
Clostridiaceae,Clostridiales,ERR321612,0.105781368
Lachnospiraceae,Clostridiales,ERR321612,0.075662043
Ruminococcaceae,Clostridiales,ERR321612,0.153710247
Enterococcaceae,Lactobacillales,ERR321612,0.181122449
Streptococcaceae,Lactobacillales,ERR321612,0.064732143
Bacteroidaceae,Bacteroidales,ERR321614,0.107509454
Porphyromonadaceae,Bacteroidales,ERR321614,0.135062129
Prevotellaceae,Bacteroidales,ERR321614,0.212317666
Rikenellaceae,Bacteroidales,ERR321614,0.284981091
Clostridiaceae,Clostridiales,ERR321614,0.116928447
Lachnospiraceae,Clostridiales,ERR321614,0.087173101
Peptostreptococcaceae,Clostridiales,ERR321614,0.366127024
Ruminococcaceae,Clostridiales,ERR321614,0.164257228
Bacteroidaceae,Bacteroidales,ERR321616,0.107509454
Porphyromonadaceae,Bacteroidales,ERR321616,0.135062129
Prevotellaceae,Bacteroidales,ERR321616,0.212317666
Rikenellaceae,Bacteroidales,ERR321616,0.284981091
Clostridiaceae,Clostridiales,ERR321616,0.116928447
Lachnospiraceae,Clostridiales,ERR321616,0.087173101
Peptostreptococcaceae,Clostridiales,ERR321616,0.366127024
Ruminococcaceae,Clostridiales,ERR321616,0.164257228
Actinomycetaceae,Actinomycetales,ERR321619,0.043979058
Micrococcaceae,Actinomycetales,ERR321619,0.418499127
Bacteroidaceae,Bacteroidales,ERR321619,0.107509454
Porphyromonadaceae,Bacteroidales,ERR321619,0.135062129
Prevotellaceae,Bacteroidales,ERR321619,0.212317666
Rikenellaceae,Bacteroidales,ERR321619,0.284981091
Clostridiaceae,Clostridiales,ERR321619,0.116928447
Lachnospiraceae,Clostridiales,ERR321619,0.087173101
Peptostreptococcaceae,Clostridiales,ERR321619,0.366127024
Ruminococcaceae,Clostridiales,ERR321619,0.164257228
Comamonadaceae,Burkholderiales,ERR321619,0.103536648
Oxalobacteraceae,Burkholderiales,ERR321619,0.511532547
Suterellaceae,Burkholderiales,ERR321619,0.369041517
Lactobacillaceae,Lactobacillales,ERR321619,0.050366032
Streptococcaceae,Lactobacillales,ERR321619,0.140890451
Bacteroidaceae,Bacteroidales,ERR321627,0.107509454
Porphyromonadaceae,Bacteroidales,ERR321627,0.135062129
Prevotellaceae,Bacteroidales,ERR321627,0.212317666
Rikenellaceae,Bacteroidales,ERR321627,0.284981091
Clostridiaceae,Clostridiales,ERR321627,0.116928447
Lachnospiraceae,Clostridiales,ERR321627,0.087173101
Peptostreptococcaceae,Clostridiales,ERR321627,0.366127024
Ruminococcaceae,Clostridiales,ERR321627,0.164257228
Bacteroidaceae,Bacteroidales,ERR321628,0.107509454
Porphyromonadaceae,Bacteroidales,ERR321628,0.135062129
Prevotellaceae,Bacteroidales,ERR321628,0.212317666
Rikenellaceae,Bacteroidales,ERR321628,0.284981091
Clostridiaceae,Clostridiales,ERR321628,0.116928447
Lachnospiraceae,Clostridiales,ERR321628,0.087173101
Peptostreptococcaceae,Clostridiales,ERR321628,0.366127024
Ruminococcaceae,Clostridiales,ERR321628,0.164257228
Lactobacillaceae,Lactobacillales,ERR321628,0.050366032
Streptococcaceae,Lactobacillales,ERR321628,0.140890451
Oxalobacteraceae,Burkholderiales,ERR321628,0.337734538
Suterellaceae,Burkholderiales,ERR321628,0.144544823
Bacteroidaceae,Bacteroidales,ERR321631,0.107509454
Porphyromonadaceae,Bacteroidales,ERR321631,0.135062129
Prevotellaceae,Bacteroidales,ERR321631,0.212317666
Rikenellaceae,Bacteroidales,ERR321631,0.284981091
Clostridiaceae,Clostridiales,ERR321631,0.116928447
Lachnospiraceae,Clostridiales,ERR321631,0.087173101
Peptostreptococcaceae,Clostridiales,ERR321631,0.366127024
Ruminococcaceae,Clostridiales,ERR321631,0.164257228
Enterococcaceae,Lactobacillales,ERR321631,0.263339071
Lactobacillaceae,Lactobacillales,ERR321631,0.06997419
Streptococcaceae,Lactobacillales,ERR321631,0.158634538
Bacteroidaceae,Bacteroidales,ERR321634,0.107509454
Porphyromonadaceae,Bacteroidales,ERR321634,0.135062129
Prevotellaceae,Bacteroidales,ERR321634,0.212317666
Rikenellaceae,Bacteroidales,ERR321634,0.284981091
Clostridiaceae,Clostridiales,ERR321634,0.116928447
Lachnospiraceae,Clostridiales,ERR321634,0.087173101
Peptostreptococcaceae,Clostridiales,ERR321634,0.366127024
Ruminococcaceae,Clostridiales,ERR321634,0.164257228
Bacteroidaceae,Bacteroidales,ERR321640,0.107509454
Porphyromonadaceae,Bacteroidales,ERR321640,0.135062129
Prevotellaceae,Bacteroidales,ERR321640,0.212317666
Rikenellaceae,Bacteroidales,ERR321640,0.284981091
Clostridiaceae,Clostridiales,ERR321640,0.116928447
Lachnospiraceae,Clostridiales,ERR321640,0.087173101
Peptostreptococcaceae,Clostridiales,ERR321640,0.366127024
Ruminococcaceae,Clostridiales,ERR321640,0.164257228
Lactobacillaceae,Lactobacillales,ERR321640,0.050366032
Streptococcaceae,Lactobacillales,ERR321640,0.140890451
Bacteroidaceae,Bacteroidales,ERR321642,0.088551724
Porphyromonadaceae,Bacteroidales,ERR321642,0.116689655
Rikenellaceae,Bacteroidales,ERR321642,0.269793103
Clostridiaceae,Clostridiales,ERR321642,0.105781368
Lachnospiraceae,Clostridiales,ERR321642,0.075662043
Ruminococcaceae,Clostridiales,ERR321642,0.153710247
Bacteroidaceae,Bacteroidales,ERR321648,0.088551724
Porphyromonadaceae,Bacteroidales,ERR321648,0.116689655
Rikenellaceae,Bacteroidales,ERR321648,0.269793103
Clostridiaceae,Clostridiales,ERR321648,0.116928447
Lachnospiraceae,Clostridiales,ERR321648,0.087173101
Peptostreptococcaceae,Clostridiales,ERR321648,0.366127024
Ruminococcaceae,Clostridiales,ERR321648,0.164257228
Lactobacillaceae,Lactobacillales,ERR321648,0.050366032
Streptococcaceae,Lactobacillales,ERR321648,0.140890451
Bacteroidaceae,Bacteroidales,ERR414233,0.107509454
Porphyromonadaceae,Bacteroidales,ERR414233,0.135062129
Prevotellaceae,Bacteroidales,ERR414233,0.212317666
Rikenellaceae,Bacteroidales,ERR414233,0.284981091
Clostridiaceae,Clostridiales,ERR414233,0.116928447
Lachnospiraceae,Clostridiales,ERR414233,0.087173101
Peptostreptococcaceae,Clostridiales,ERR414233,0.366127024
Ruminococcaceae,Clostridiales,ERR414233,0.164257228
Lactobacillaceae,Lactobacillales,ERR414233,0.050366032
Streptococcaceae,Lactobacillales,ERR414233,0.140890451
Bacteroidaceae,Bacteroidales,ERR414234,0.088551724
Porphyromonadaceae,Bacteroidales,ERR414234,0.116689655
Rikenellaceae,Bacteroidales,ERR414234,0.269793103
Clostridiaceae,Clostridiales,ERR414234,0.105781368
Lachnospiraceae,Clostridiales,ERR414234,0.075662043
Ruminococcaceae,Clostridiales,ERR414234,0.153710247
Lactobacillaceae,Lactobacillales,ERR414234,0.050366032
Streptococcaceae,Lactobacillales,ERR414234,0.140890451
Actinomycetaceae,Actinomycetales,ERR414235,0.043979058
Micrococcaceae,Actinomycetales,ERR414235,0.418499127
Bacteroidaceae,Bacteroidales,ERR414235,0.107509454
Porphyromonadaceae,Bacteroidales,ERR414235,0.135062129
Prevotellaceae,Bacteroidales,ERR414235,0.212317666
Rikenellaceae,Bacteroidales,ERR414235,0.284981091
Clostridiaceae,Clostridiales,ERR414235,0.116928447
Lachnospiraceae,Clostridiales,ERR414235,0.087173101
Peptostreptococcaceae,Clostridiales,ERR414235,0.366127024
Ruminococcaceae,Clostridiales,ERR414235,0.164257228
Enterococcaceae,Lactobacillales,ERR414235,0.263339071
Lactobacillaceae,Lactobacillales,ERR414235,0.06997419
Streptococcaceae,Lactobacillales,ERR414235,0.158634538
Actinomycetaceae,Actinomycetales,ERR414239,0.109268293
Corynebacteriaceae,Actinomycetales,ERR414239,0.324878049
Bacteroidaceae,Bacteroidales,ERR414239,0.107509454
Porphyromonadaceae,Bacteroidales,ERR414239,0.135062129
Prevotellaceae,Bacteroidales,ERR414239,0.212317666
Rikenellaceae,Bacteroidales,ERR414239,0.284981091
Clostridiaceae,Clostridiales,ERR414239,0.116928447
Lachnospiraceae,Clostridiales,ERR414239,0.087173101
Peptostreptococcaceae,Clostridiales,ERR414239,0.366127024
Ruminococcaceae,Clostridiales,ERR414239,0.164257228
Enterococcaceae,Lactobacillales,ERR414239,0.263339071
Lactobacillaceae,Lactobacillales,ERR414239,0.06997419
Streptococcaceae,Lactobacillales,ERR414239,0.158634538
Oxalobacteraceae,Burkholderiales,ERR414239,0.337734538
Suterellaceae,Burkholderiales,ERR414239,0.144544823
Bacteroidaceae,Bacteroidales,ERR414240,0.107509454
Porphyromonadaceae,Bacteroidales,ERR414240,0.135062129
Prevotellaceae,Bacteroidales,ERR414240,0.212317666
Rikenellaceae,Bacteroidales,ERR414240,0.284981091
Clostridiaceae,Clostridiales,ERR414240,0.116928447
Lachnospiraceae,Clostridiales,ERR414240,0.087173101
Peptostreptococcaceae,Clostridiales,ERR414240,0.366127024
Ruminococcaceae,Clostridiales,ERR414240,0.164257228
Lactobacillaceae,Lactobacillales,ERR414240,0.050366032
Streptococcaceae,Lactobacillales,ERR414240,0.140890451
Oxalobacteraceae,Burkholderiales,ERR414240,0.337734538
Suterellaceae,Burkholderiales,ERR414240,0.144544823
Bacteroidaceae,Bacteroidales,ERR414241,0.107509454
Porphyromonadaceae,Bacteroidales,ERR414241,0.135062129
Prevotellaceae,Bacteroidales,ERR414241,0.212317666
Rikenellaceae,Bacteroidales,ERR414241,0.284981091
Clostridiaceae,Clostridiales,ERR414241,0.116928447
Lachnospiraceae,Clostridiales,ERR414241,0.087173101
Peptostreptococcaceae,Clostridiales,ERR414241,0.366127024
Ruminococcaceae,Clostridiales,ERR414241,0.164257228
Enterococcaceae,Lactobacillales,ERR414241,0.181122449
Streptococcaceae,Lactobacillales,ERR414241,0.064732143
Bacteroidaceae,Bacteroidales,ERR414242,0.107509454
Porphyromonadaceae,Bacteroidales,ERR414242,0.135062129
Prevotellaceae,Bacteroidales,ERR414242,0.212317666
Rikenellaceae,Bacteroidales,ERR414242,0.284981091
Clostridiaceae,Clostridiales,ERR414242,0.105781368
Lachnospiraceae,Clostridiales,ERR414242,0.075662043
Ruminococcaceae,Clostridiales,ERR414242,0.153710247
Bacteroidaceae,Bacteroidales,ERR414244,0.107509454
Porphyromonadaceae,Bacteroidales,ERR414244,0.135062129
Prevotellaceae,Bacteroidales,ERR414244,0.212317666
Rikenellaceae,Bacteroidales,ERR414244,0.284981091
Clostridiaceae,Clostridiales,ERR414244,0.116928447
Lachnospiraceae,Clostridiales,ERR414244,0.087173101
Peptostreptococcaceae,Clostridiales,ERR414244,0.366127024
Ruminococcaceae,Clostridiales,ERR414244,0.164257228
Bacteroidaceae,Bacteroidales,ERR414246,0.088551724
Porphyromonadaceae,Bacteroidales,ERR414246,0.116689655
Rikenellaceae,Bacteroidales,ERR414246,0.269793103
Clostridiaceae,Clostridiales,ERR414246,0.105781368
Lachnospiraceae,Clostridiales,ERR414246,0.075662043
Ruminococcaceae,Clostridiales,ERR414246,0.153710247
Bacteroidaceae,Bacteroidales,ERR414250,0.088551724
Porphyromonadaceae,Bacteroidales,ERR414250,0.116689655
Rikenellaceae,Bacteroidales,ERR414250,0.269793103
Clostridiaceae,Clostridiales,ERR414250,0.105781368
Lachnospiraceae,Clostridiales,ERR414250,0.075662043
Ruminococcaceae,Clostridiales,ERR414250,0.153710247
Bacteroidaceae,Bacteroidales,ERR414252,0.088551724
Porphyromonadaceae,Bacteroidales,ERR414252,0.116689655
Rikenellaceae,Bacteroidales,ERR414252,0.269793103
Clostridiaceae,Clostridiales,ERR414252,0.116928447
Lachnospiraceae,Clostridiales,ERR414252,0.087173101
Peptostreptococcaceae,Clostridiales,ERR414252,0.366127024
Ruminococcaceae,Clostridiales,ERR414252,0.164257228
Bacteroidaceae,Bacteroidales,ERR414254,0.107509454
Porphyromonadaceae,Bacteroidales,ERR414254,0.135062129
Prevotellaceae,Bacteroidales,ERR414254,0.212317666
Rikenellaceae,Bacteroidales,ERR414254,0.284981091
Clostridiaceae,Clostridiales,ERR414254,0.105781368
Lachnospiraceae,Clostridiales,ERR414254,0.075662043
Ruminococcaceae,Clostridiales,ERR414254,0.153710247
Bacteroidaceae,Bacteroidales,ERR414261,0.107509454
Porphyromonadaceae,Bacteroidales,ERR414261,0.135062129
Prevotellaceae,Bacteroidales,ERR414261,0.212317666
Rikenellaceae,Bacteroidales,ERR414261,0.284981091
Clostridiaceae,Clostridiales,ERR414261,0.116928447
Lachnospiraceae,Clostridiales,ERR414261,0.087173101
Peptostreptococcaceae,Clostridiales,ERR414261,0.366127024
Ruminococcaceae,Clostridiales,ERR414261,0.164257228
Lactobacillaceae,Lactobacillales,ERR414261,0.050366032
Streptococcaceae,Lactobacillales,ERR414261,0.140890451
Bacteroidaceae,Bacteroidales,ERR414262,0.107509454
Porphyromonadaceae,Bacteroidales,ERR414262,0.135062129
Prevotellaceae,Bacteroidales,ERR414262,0.212317666
Rikenellaceae,Bacteroidales,ERR414262,0.284981091
Clostridiaceae,Clostridiales,ERR414262,0.105781368
Lachnospiraceae,Clostridiales,ERR414262,0.075662043
Ruminococcaceae,Clostridiales,ERR414262,0.153710247
Bacteroidaceae,Bacteroidales,ERR414265,0.107509454
Porphyromonadaceae,Bacteroidales,ERR414265,0.135062129
Prevotellaceae,Bacteroidales,ERR414265,0.212317666
Rikenellaceae,Bacteroidales,ERR414265,0.284981091
Clostridiaceae,Clostridiales,ERR414265,0.116928447
Lachnospiraceae,Clostridiales,ERR414265,0.087173101
Peptostreptococcaceae,Clostridiales,ERR414265,0.366127024
Ruminococcaceae,Clostridiales,ERR414265,0.164257228
Bacteroidaceae,Bacteroidales,ERR414266,0.107509454
Porphyromonadaceae,Bacteroidales,ERR414266,0.135062129
Prevotellaceae,Bacteroidales,ERR414266,0.212317666
Rikenellaceae,Bacteroidales,ERR414266,0.284981091
Clostridiaceae,Clostridiales,ERR414266,0.116928447
Lachnospiraceae,Clostridiales,ERR414266,0.087173101
Peptostreptococcaceae,Clostridiales,ERR414266,0.366127024
Ruminococcaceae,Clostridiales,ERR414266,0.164257228
Lactobacillaceae,Lactobacillales,ERR414266,0.050366032
Streptococcaceae,Lactobacillales,ERR414266,0.140890451
Bacteroidaceae,Bacteroidales,ERR414267,0.088551724
Porphyromonadaceae,Bacteroidales,ERR414267,0.116689655
Rikenellaceae,Bacteroidales,ERR414267,0.269793103
Clostridiaceae,Clostridiales,ERR414267,0.116928447
Lachnospiraceae,Clostridiales,ERR414267,0.087173101
Peptostreptococcaceae,Clostridiales,ERR414267,0.366127024
Ruminococcaceae,Clostridiales,ERR414267,0.164257228
Bacteroidaceae,Bacteroidales,ERR414268,0.088551724
Porphyromonadaceae,Bacteroidales,ERR414268,0.116689655
Rikenellaceae,Bacteroidales,ERR414268,0.269793103
Clostridiaceae,Clostridiales,ERR414268,0.105781368
Lachnospiraceae,Clostridiales,ERR414268,0.075662043
Ruminococcaceae,Clostridiales,ERR414268,0.153710247
Bacteroidaceae,Bacteroidales,ERR414270,0.088551724
Porphyromonadaceae,Bacteroidales,ERR414270,0.116689655
Rikenellaceae,Bacteroidales,ERR414270,0.269793103
Clostridiaceae,Clostridiales,ERR414270,0.105781368
Lachnospiraceae,Clostridiales,ERR414270,0.075662043
Ruminococcaceae,Clostridiales,ERR414270,0.153710247
Actinomycetaceae,Actinomycetales,ERR414274,0.109268293
Corynebacteriaceae,Actinomycetales,ERR414274,0.324878049
Bacteroidaceae,Bacteroidales,ERR414274,0.107509454
Porphyromonadaceae,Bacteroidales,ERR414274,0.135062129
Prevotellaceae,Bacteroidales,ERR414274,0.212317666
Rikenellaceae,Bacteroidales,ERR414274,0.284981091
Clostridiaceae,Clostridiales,ERR414274,0.105781368
Lachnospiraceae,Clostridiales,ERR414274,0.075662043
Ruminococcaceae,Clostridiales,ERR414274,0.153710247
Enterococcaceae,Lactobacillales,ERR414274,0.269208879
Lactobacillaceae,Lactobacillales,ERR414274,0.077382646
Leuconostocaceae,Lactobacillales,ERR414274,0.422026181
Streptococcaceae,Lactobacillales,ERR414274,0.165338645
Bacteroidaceae,Bacteroidales,ERR414277,0.088551724
Porphyromonadaceae,Bacteroidales,ERR414277,0.116689655
Rikenellaceae,Bacteroidales,ERR414277,0.269793103
Clostridiaceae,Clostridiales,ERR414277,0.105781368
Lachnospiraceae,Clostridiales,ERR414277,0.075662043
Ruminococcaceae,Clostridiales,ERR414277,0.153710247
Bacteroidaceae,Bacteroidales,ERR414278,0.107509454
Porphyromonadaceae,Bacteroidales,ERR414278,0.135062129
Prevotellaceae,Bacteroidales,ERR414278,0.212317666
Rikenellaceae,Bacteroidales,ERR414278,0.284981091
Clostridiaceae,Clostridiales,ERR414278,0.116928447
Lachnospiraceae,Clostridiales,ERR414278,0.087173101
Peptostreptococcaceae,Clostridiales,ERR414278,0.366127024
Ruminococcaceae,Clostridiales,ERR414278,0.164257228
Lactobacillaceae,Lactobacillales,ERR414278,0.050366032
Streptococcaceae,Lactobacillales,ERR414278,0.140890451
Bacteroidaceae,Bacteroidales,ERR414279,0.107509454
Porphyromonadaceae,Bacteroidales,ERR414279,0.135062129
Prevotellaceae,Bacteroidales,ERR414279,0.212317666
Rikenellaceae,Bacteroidales,ERR414279,0.284981091
Clostridiaceae,Clostridiales,ERR414279,0.116928447
Lachnospiraceae,Clostridiales,ERR414279,0.087173101
Peptostreptococcaceae,Clostridiales,ERR414279,0.366127024
Ruminococcaceae,Clostridiales,ERR414279,0.164257228
Lactobacillaceae,Lactobacillales,ERR414279,0.050366032
Streptococcaceae,Lactobacillales,ERR414279,0.140890451
Bacteroidaceae,Bacteroidales,ERR414282,0.107509454
Porphyromonadaceae,Bacteroidales,ERR414282,0.135062129
Prevotellaceae,Bacteroidales,ERR414282,0.212317666
Rikenellaceae,Bacteroidales,ERR414282,0.284981091
Clostridiaceae,Clostridiales,ERR414282,0.105781368
Lachnospiraceae,Clostridiales,ERR414282,0.075662043
Ruminococcaceae,Clostridiales,ERR414282,0.153710247
Lactobacillaceae,Lactobacillales,ERR414282,0.050366032
Streptococcaceae,Lactobacillales,ERR414282,0.140890451
Bacteroidaceae,Bacteroidales,ERR414283,0.088551724
Porphyromonadaceae,Bacteroidales,ERR414283,0.116689655
Rikenellaceae,Bacteroidales,ERR414283,0.269793103
Clostridiaceae,Clostridiales,ERR414283,0.105781368
Lachnospiraceae,Clostridiales,ERR414283,0.075662043
Ruminococcaceae,Clostridiales,ERR414283,0.153710247
Bacteroidaceae,Bacteroidales,ERR414288,0.107509454
Porphyromonadaceae,Bacteroidales,ERR414288,0.135062129
Prevotellaceae,Bacteroidales,ERR414288,0.212317666
Rikenellaceae,Bacteroidales,ERR414288,0.284981091
Clostridiaceae,Clostridiales,ERR414288,0.116928447
Lachnospiraceae,Clostridiales,ERR414288,0.087173101
Peptostreptococcaceae,Clostridiales,ERR414288,0.366127024
Ruminococcaceae,Clostridiales,ERR414288,0.164257228
Lactobacillaceae,Lactobacillales,ERR414288,0.050366032
Streptococcaceae,Lactobacillales,ERR414288,0.140890451
Bacteroidaceae,Bacteroidales,ERR414292,0.088551724
Porphyromonadaceae,Bacteroidales,ERR414292,0.116689655
Rikenellaceae,Bacteroidales,ERR414292,0.269793103
Clostridiaceae,Clostridiales,ERR414292,0.116928447
Lachnospiraceae,Clostridiales,ERR414292,0.087173101
Peptostreptococcaceae,Clostridiales,ERR414292,0.366127024
Ruminococcaceae,Clostridiales,ERR414292,0.164257228
Bacteroidaceae,Bacteroidales,ERR414294,0.107509454
Porphyromonadaceae,Bacteroidales,ERR414294,0.135062129
Prevotellaceae,Bacteroidales,ERR414294,0.212317666
Rikenellaceae,Bacteroidales,ERR414294,0.284981091
Clostridiaceae,Clostridiales,ERR414294,0.116928447
Lachnospiraceae,Clostridiales,ERR414294,0.087173101
Peptostreptococcaceae,Clostridiales,ERR414294,0.366127024
Ruminococcaceae,Clostridiales,ERR414294,0.164257228
Lactobacillaceae,Lactobacillales,ERR414294,0.050366032
Streptococcaceae,Lactobacillales,ERR414294,0.140890451
Bacteroidaceae,Bacteroidales,ERR414295,0.107509454
Porphyromonadaceae,Bacteroidales,ERR414295,0.135062129
Prevotellaceae,Bacteroidales,ERR414295,0.212317666
Rikenellaceae,Bacteroidales,ERR414295,0.284981091
Clostridiaceae,Clostridiales,ERR414295,0.105781368
Lachnospiraceae,Clostridiales,ERR414295,0.075662043
Ruminococcaceae,Clostridiales,ERR414295,0.153710247
Lactobacillaceae,Lactobacillales,ERR414295,0.050366032
Streptococcaceae,Lactobacillales,ERR414295,0.140890451
Bacteroidaceae,Bacteroidales,ERR414297,0.088551724
Porphyromonadaceae,Bacteroidales,ERR414297,0.116689655
Rikenellaceae,Bacteroidales,ERR414297,0.269793103
Clostridiaceae,Clostridiales,ERR414297,0.116928447
Lachnospiraceae,Clostridiales,ERR414297,0.087173101
Peptostreptococcaceae,Clostridiales,ERR414297,0.366127024
Ruminococcaceae,Clostridiales,ERR414297,0.164257228
Bacteroidaceae,Bacteroidales,ERR414301,0.107509454
Porphyromonadaceae,Bacteroidales,ERR414301,0.135062129
Prevotellaceae,Bacteroidales,ERR414301,0.212317666
Rikenellaceae,Bacteroidales,ERR414301,0.284981091
Clostridiaceae,Clostridiales,ERR414301,0.116928447
Lachnospiraceae,Clostridiales,ERR414301,0.087173101
Peptostreptococcaceae,Clostridiales,ERR414301,0.366127024
Ruminococcaceae,Clostridiales,ERR414301,0.164257228
Actinomycetaceae,Actinomycetales,ERR414302,0.043979058
Micrococcaceae,Actinomycetales,ERR414302,0.418499127
Bacteroidaceae,Bacteroidales,ERR414302,0.107509454
Porphyromonadaceae,Bacteroidales,ERR414302,0.135062129
Prevotellaceae,Bacteroidales,ERR414302,0.212317666
Rikenellaceae,Bacteroidales,ERR414302,0.284981091
Clostridiaceae,Clostridiales,ERR414302,0.116928447
Lachnospiraceae,Clostridiales,ERR414302,0.087173101
Peptostreptococcaceae,Clostridiales,ERR414302,0.366127024
Ruminococcaceae,Clostridiales,ERR414302,0.164257228
Lactobacillaceae,Lactobacillales,ERR414302,0.050366032
Streptococcaceae,Lactobacillales,ERR414302,0.140890451
Bacteroidaceae,Bacteroidales,ERR414305,0.088551724
Porphyromonadaceae,Bacteroidales,ERR414305,0.116689655
Rikenellaceae,Bacteroidales,ERR414305,0.269793103
Clostridiaceae,Clostridiales,ERR414305,0.116928447
Lachnospiraceae,Clostridiales,ERR414305,0.087173101
Peptostreptococcaceae,Clostridiales,ERR414305,0.366127024
Ruminococcaceae,Clostridiales,ERR414305,0.164257228
Bacteroidaceae,Bacteroidales,ERR260132,0.088551724
Porphyromonadaceae,Bacteroidales,ERR260132,0.116689655
Rikenellaceae,Bacteroidales,ERR260132,0.269793103
Clostridiaceae,Clostridiales,ERR260132,0.116928447
Lachnospiraceae,Clostridiales,ERR260132,0.087173101
Peptostreptococcaceae,Clostridiales,ERR260132,0.366127024
Ruminococcaceae,Clostridiales,ERR260132,0.164257228
Lactobacillaceae,Lactobacillales,ERR260132,0.050366032
Streptococcaceae,Lactobacillales,ERR260132,0.140890451
Actinomycetaceae,Actinomycetales,ERR260134,0.043979058
Micrococcaceae,Actinomycetales,ERR260134,0.418499127
Bacteroidaceae,Bacteroidales,ERR260134,0.088551724
Porphyromonadaceae,Bacteroidales,ERR260134,0.116689655
Rikenellaceae,Bacteroidales,ERR260134,0.269793103
Clostridiaceae,Clostridiales,ERR260134,0.116928447
Lachnospiraceae,Clostridiales,ERR260134,0.087173101
Peptostreptococcaceae,Clostridiales,ERR260134,0.366127024
Ruminococcaceae,Clostridiales,ERR260134,0.164257228
Enterococcaceae,Lactobacillales,ERR260134,0.269208879
Lactobacillaceae,Lactobacillales,ERR260134,0.077382646
Leuconostocaceae,Lactobacillales,ERR260134,0.422026181
Streptococcaceae,Lactobacillales,ERR260134,0.165338645
Actinomycetaceae,Actinomycetales,ERR260138,0.043979058
Micrococcaceae,Actinomycetales,ERR260138,0.418499127
Bacteroidaceae,Bacteroidales,ERR260138,0.088551724
Porphyromonadaceae,Bacteroidales,ERR260138,0.116689655
Rikenellaceae,Bacteroidales,ERR260138,0.269793103
Clostridiaceae,Clostridiales,ERR260138,0.116928447
Lachnospiraceae,Clostridiales,ERR260138,0.087173101
Peptostreptococcaceae,Clostridiales,ERR260138,0.366127024
Ruminococcaceae,Clostridiales,ERR260138,0.164257228
Enterococcaceae,Lactobacillales,ERR260138,0.269208879
Lactobacillaceae,Lactobacillales,ERR260138,0.077382646
Leuconostocaceae,Lactobacillales,ERR260138,0.422026181
Streptococcaceae,Lactobacillales,ERR260138,0.165338645
Bacteroidaceae,Bacteroidales,ERR260139,0.088551724
Porphyromonadaceae,Bacteroidales,ERR260139,0.116689655
Rikenellaceae,Bacteroidales,ERR260139,0.269793103
Clostridiaceae,Clostridiales,ERR260139,0.116928447
Lachnospiraceae,Clostridiales,ERR260139,0.087173101
Peptostreptococcaceae,Clostridiales,ERR260139,0.366127024
Ruminococcaceae,Clostridiales,ERR260139,0.164257228
Bacteroidaceae,Bacteroidales,ERR260140,0.088551724
Porphyromonadaceae,Bacteroidales,ERR260140,0.116689655
Rikenellaceae,Bacteroidales,ERR260140,0.269793103
Clostridiaceae,Clostridiales,ERR260140,0.105781368
Lachnospiraceae,Clostridiales,ERR260140,0.075662043
Ruminococcaceae,Clostridiales,ERR260140,0.153710247
Lactobacillaceae,Lactobacillales,ERR260140,0.050366032
Streptococcaceae,Lactobacillales,ERR260140,0.140890451
Bacteroidaceae,Bacteroidales,ERR260142,0.088551724
Porphyromonadaceae,Bacteroidales,ERR260142,0.116689655
Rikenellaceae,Bacteroidales,ERR260142,0.269793103
Clostridiaceae,Clostridiales,ERR260142,0.116928447
Lachnospiraceae,Clostridiales,ERR260142,0.087173101
Peptostreptococcaceae,Clostridiales,ERR260142,0.366127024
Ruminococcaceae,Clostridiales,ERR260142,0.164257228
Lactobacillaceae,Lactobacillales,ERR260142,0.050366032
Streptococcaceae,Lactobacillales,ERR260142,0.140890451
Actinomycetaceae,Actinomycetales,ERR260143,0.043979058
Micrococcaceae,Actinomycetales,ERR260143,0.418499127
Bacteroidaceae,Bacteroidales,ERR260143,0.088551724
Porphyromonadaceae,Bacteroidales,ERR260143,0.116689655
Rikenellaceae,Bacteroidales,ERR260143,0.269793103
Clostridiaceae,Clostridiales,ERR260143,0.116928447
Lachnospiraceae,Clostridiales,ERR260143,0.087173101
Peptostreptococcaceae,Clostridiales,ERR260143,0.366127024
Ruminococcaceae,Clostridiales,ERR260143,0.164257228
Lactobacillaceae,Lactobacillales,ERR260143,0.050366032
Streptococcaceae,Lactobacillales,ERR260143,0.140890451
Bacteroidaceae,Bacteroidales,ERR260150,0.088551724
Porphyromonadaceae,Bacteroidales,ERR260150,0.116689655
Rikenellaceae,Bacteroidales,ERR260150,0.269793103
Clostridiaceae,Clostridiales,ERR260150,0.105781368
Lachnospiraceae,Clostridiales,ERR260150,0.075662043
Ruminococcaceae,Clostridiales,ERR260150,0.153710247
Actinomycetaceae,Actinomycetales,ERR260151,0.043979058
Micrococcaceae,Actinomycetales,ERR260151,0.418499127
Bacteroidaceae,Bacteroidales,ERR260151,0.107509454
Porphyromonadaceae,Bacteroidales,ERR260151,0.135062129
Prevotellaceae,Bacteroidales,ERR260151,0.212317666
Rikenellaceae,Bacteroidales,ERR260151,0.284981091
Clostridiaceae,Clostridiales,ERR260151,0.116928447
Lachnospiraceae,Clostridiales,ERR260151,0.087173101
Peptostreptococcaceae,Clostridiales,ERR260151,0.366127024
Ruminococcaceae,Clostridiales,ERR260151,0.164257228
Enterococcaceae,Lactobacillales,ERR260151,0.269208879
Lactobacillaceae,Lactobacillales,ERR260151,0.077382646
Leuconostocaceae,Lactobacillales,ERR260151,0.422026181
Streptococcaceae,Lactobacillales,ERR260151,0.165338645
Oxalobacteraceae,Burkholderiales,ERR260151,0.337734538
Suterellaceae,Burkholderiales,ERR260151,0.144544823
Actinomycetaceae,Actinomycetales,ERR260152,0.043979058
Micrococcaceae,Actinomycetales,ERR260152,0.418499127
Bacteroidaceae,Bacteroidales,ERR260152,0.107509454
Porphyromonadaceae,Bacteroidales,ERR260152,0.135062129
Prevotellaceae,Bacteroidales,ERR260152,0.212317666
Rikenellaceae,Bacteroidales,ERR260152,0.284981091
Clostridiaceae,Clostridiales,ERR260152,0.116928447
Lachnospiraceae,Clostridiales,ERR260152,0.087173101
Peptostreptococcaceae,Clostridiales,ERR260152,0.366127024
Ruminococcaceae,Clostridiales,ERR260152,0.164257228
Lactobacillaceae,Lactobacillales,ERR260152,0.050366032
Streptococcaceae,Lactobacillales,ERR260152,0.140890451
Bacteroidaceae,Bacteroidales,ERR414306,0.107509454
Porphyromonadaceae,Bacteroidales,ERR414306,0.135062129
Prevotellaceae,Bacteroidales,ERR414306,0.212317666
Rikenellaceae,Bacteroidales,ERR414306,0.284981091
Clostridiaceae,Clostridiales,ERR414306,0.116928447
Lachnospiraceae,Clostridiales,ERR414306,0.087173101
Peptostreptococcaceae,Clostridiales,ERR414306,0.366127024
Ruminococcaceae,Clostridiales,ERR414306,0.164257228
Bacteroidaceae,Bacteroidales,ERR414308,0.107509454
Porphyromonadaceae,Bacteroidales,ERR414308,0.135062129
Prevotellaceae,Bacteroidales,ERR414308,0.212317666
Rikenellaceae,Bacteroidales,ERR414308,0.284981091
Clostridiaceae,Clostridiales,ERR414308,0.105781368
Lachnospiraceae,Clostridiales,ERR414308,0.075662043
Ruminococcaceae,Clostridiales,ERR414308,0.153710247
Oxalobacteraceae,Burkholderiales,ERR414308,0.337734538
Suterellaceae,Burkholderiales,ERR414308,0.144544823
Bacteroidaceae,Bacteroidales,ERR414309,0.107509454
Porphyromonadaceae,Bacteroidales,ERR414309,0.135062129
Prevotellaceae,Bacteroidales,ERR414309,0.212317666
Rikenellaceae,Bacteroidales,ERR414309,0.284981091
Clostridiaceae,Clostridiales,ERR414309,0.116928447
Lachnospiraceae,Clostridiales,ERR414309,0.087173101
Peptostreptococcaceae,Clostridiales,ERR414309,0.366127024
Ruminococcaceae,Clostridiales,ERR414309,0.164257228
Bacteroidaceae,Bacteroidales,ERR414311,0.107509454
Porphyromonadaceae,Bacteroidales,ERR414311,0.135062129
Prevotellaceae,Bacteroidales,ERR414311,0.212317666
Rikenellaceae,Bacteroidales,ERR414311,0.284981091
Clostridiaceae,Clostridiales,ERR414311,0.116928447
Lachnospiraceae,Clostridiales,ERR414311,0.087173101
Peptostreptococcaceae,Clostridiales,ERR414311,0.366127024
Ruminococcaceae,Clostridiales,ERR414311,0.164257228
Bacteroidaceae,Bacteroidales,ERR414312,0.107509454
Porphyromonadaceae,Bacteroidales,ERR414312,0.135062129
Prevotellaceae,Bacteroidales,ERR414312,0.212317666
Rikenellaceae,Bacteroidales,ERR414312,0.284981091
Clostridiaceae,Clostridiales,ERR414312,0.116928447
Lachnospiraceae,Clostridiales,ERR414312,0.087173101
Peptostreptococcaceae,Clostridiales,ERR414312,0.366127024
Ruminococcaceae,Clostridiales,ERR414312,0.164257228
Lactobacillaceae,Lactobacillales,ERR414312,0.050366032
Streptococcaceae,Lactobacillales,ERR414312,0.140890451
Bacteroidaceae,Bacteroidales,ERR414313,0.107509454
Porphyromonadaceae,Bacteroidales,ERR414313,0.135062129
Prevotellaceae,Bacteroidales,ERR414313,0.212317666
Rikenellaceae,Bacteroidales,ERR414313,0.284981091
Clostridiaceae,Clostridiales,ERR414313,0.116928447
Lachnospiraceae,Clostridiales,ERR414313,0.087173101
Peptostreptococcaceae,Clostridiales,ERR414313,0.366127024
Ruminococcaceae,Clostridiales,ERR414313,0.164257228
Lactobacillaceae,Lactobacillales,ERR414313,0.050366032
Streptococcaceae,Lactobacillales,ERR414313,0.140890451
Bacteroidaceae,Bacteroidales,ERR414315,0.107509454
Porphyromonadaceae,Bacteroidales,ERR414315,0.135062129
Prevotellaceae,Bacteroidales,ERR414315,0.212317666
Rikenellaceae,Bacteroidales,ERR414315,0.284981091
Clostridiaceae,Clostridiales,ERR414315,0.116928447
Lachnospiraceae,Clostridiales,ERR414315,0.087173101
Peptostreptococcaceae,Clostridiales,ERR414315,0.366127024
Ruminococcaceae,Clostridiales,ERR414315,0.164257228
Bacteroidaceae,Bacteroidales,ERR414316,0.107509454
Porphyromonadaceae,Bacteroidales,ERR414316,0.135062129
Prevotellaceae,Bacteroidales,ERR414316,0.212317666
Rikenellaceae,Bacteroidales,ERR414316,0.284981091
Clostridiaceae,Clostridiales,ERR414316,0.116928447
Lachnospiraceae,Clostridiales,ERR414316,0.087173101
Peptostreptococcaceae,Clostridiales,ERR414316,0.366127024
Ruminococcaceae,Clostridiales,ERR414316,0.164257228
Lactobacillaceae,Lactobacillales,ERR414316,0.050366032
Streptococcaceae,Lactobacillales,ERR414316,0.140890451
Bacteroidaceae,Bacteroidales,ERR414318,0.107509454
Porphyromonadaceae,Bacteroidales,ERR414318,0.135062129
Prevotellaceae,Bacteroidales,ERR414318,0.212317666
Rikenellaceae,Bacteroidales,ERR414318,0.284981091
Clostridiaceae,Clostridiales,ERR414318,0.116928447
Lachnospiraceae,Clostridiales,ERR414318,0.087173101
Peptostreptococcaceae,Clostridiales,ERR414318,0.366127024
Ruminococcaceae,Clostridiales,ERR414318,0.164257228
Lactobacillaceae,Lactobacillales,ERR414318,0.050366032
Streptococcaceae,Lactobacillales,ERR414318,0.140890451
Actinomycetaceae,Actinomycetales,ERR414319,0.109268293
Corynebacteriaceae,Actinomycetales,ERR414319,0.324878049
Bacteroidaceae,Bacteroidales,ERR414319,0.107509454
Porphyromonadaceae,Bacteroidales,ERR414319,0.135062129
Prevotellaceae,Bacteroidales,ERR414319,0.212317666
Rikenellaceae,Bacteroidales,ERR414319,0.284981091
Clostridiaceae,Clostridiales,ERR414319,0.116928447
Lachnospiraceae,Clostridiales,ERR414319,0.087173101
Peptostreptococcaceae,Clostridiales,ERR414319,0.366127024
Ruminococcaceae,Clostridiales,ERR414319,0.164257228
Enterococcaceae,Lactobacillales,ERR414319,0.263339071
Lactobacillaceae,Lactobacillales,ERR414319,0.06997419
Streptococcaceae,Lactobacillales,ERR414319,0.158634538
Bacteroidaceae,Bacteroidales,ERR414320,0.107509454
Porphyromonadaceae,Bacteroidales,ERR414320,0.135062129
Prevotellaceae,Bacteroidales,ERR414320,0.212317666
Rikenellaceae,Bacteroidales,ERR414320,0.284981091
Clostridiaceae,Clostridiales,ERR414320,0.116928447
Lachnospiraceae,Clostridiales,ERR414320,0.087173101
Peptostreptococcaceae,Clostridiales,ERR414320,0.366127024
Ruminococcaceae,Clostridiales,ERR414320,0.164257228
Lactobacillaceae,Lactobacillales,ERR414320,0.050366032
Streptococcaceae,Lactobacillales,ERR414320,0.140890451
Bacteroidaceae,Bacteroidales,ERR414321,0.107509454
Porphyromonadaceae,Bacteroidales,ERR414321,0.135062129
Prevotellaceae,Bacteroidales,ERR414321,0.212317666
Rikenellaceae,Bacteroidales,ERR414321,0.284981091
Clostridiaceae,Clostridiales,ERR414321,0.116928447
Lachnospiraceae,Clostridiales,ERR414321,0.087173101
Peptostreptococcaceae,Clostridiales,ERR414321,0.366127024
Ruminococcaceae,Clostridiales,ERR414321,0.164257228
Enterococcaceae,Lactobacillales,ERR414321,0.269208879
Lactobacillaceae,Lactobacillales,ERR414321,0.077382646
Leuconostocaceae,Lactobacillales,ERR414321,0.422026181
Streptococcaceae,Lactobacillales,ERR414321,0.165338645
Oxalobacteraceae,Burkholderiales,ERR414321,0.337734538
Suterellaceae,Burkholderiales,ERR414321,0.144544823
Bacteroidaceae,Bacteroidales,ERR414322,0.107509454
Porphyromonadaceae,Bacteroidales,ERR414322,0.135062129
Prevotellaceae,Bacteroidales,ERR414322,0.212317666
Rikenellaceae,Bacteroidales,ERR414322,0.284981091
Clostridiaceae,Clostridiales,ERR414322,0.116928447
Lachnospiraceae,Clostridiales,ERR414322,0.087173101
Peptostreptococcaceae,Clostridiales,ERR414322,0.366127024
Ruminococcaceae,Clostridiales,ERR414322,0.164257228
Bacteroidaceae,Bacteroidales,ERR414324,0.088551724
Porphyromonadaceae,Bacteroidales,ERR414324,0.116689655
Rikenellaceae,Bacteroidales,ERR414324,0.269793103
Clostridiaceae,Clostridiales,ERR414324,0.105781368
Lachnospiraceae,Clostridiales,ERR414324,0.075662043
Ruminococcaceae,Clostridiales,ERR414324,0.153710247
Bacteroidaceae,Bacteroidales,ERR414325,0.107509454
Porphyromonadaceae,Bacteroidales,ERR414325,0.135062129
Prevotellaceae,Bacteroidales,ERR414325,0.212317666
Rikenellaceae,Bacteroidales,ERR414325,0.284981091
Clostridiaceae,Clostridiales,ERR414325,0.116928447
Lachnospiraceae,Clostridiales,ERR414325,0.087173101
Peptostreptococcaceae,Clostridiales,ERR414325,0.366127024
Ruminococcaceae,Clostridiales,ERR414325,0.164257228
Lactobacillaceae,Lactobacillales,ERR414325,0.050366032
Streptococcaceae,Lactobacillales,ERR414325,0.140890451
Bacteroidaceae,Bacteroidales,ERR414326,0.107509454
Porphyromonadaceae,Bacteroidales,ERR414326,0.135062129
Prevotellaceae,Bacteroidales,ERR414326,0.212317666
Rikenellaceae,Bacteroidales,ERR414326,0.284981091
Clostridiaceae,Clostridiales,ERR414326,0.116928447
Lachnospiraceae,Clostridiales,ERR414326,0.087173101
Peptostreptococcaceae,Clostridiales,ERR414326,0.366127024
Ruminococcaceae,Clostridiales,ERR414326,0.164257228
Bacteroidaceae,Bacteroidales,ERR414329,0.088551724
Porphyromonadaceae,Bacteroidales,ERR414329,0.116689655
Rikenellaceae,Bacteroidales,ERR414329,0.269793103
Clostridiaceae,Clostridiales,ERR414329,0.105781368
Lachnospiraceae,Clostridiales,ERR414329,0.075662043
Ruminococcaceae,Clostridiales,ERR414329,0.153710247
Oxalobacteraceae,Burkholderiales,ERR414329,0.337734538
Suterellaceae,Burkholderiales,ERR414329,0.144544823
Bacteroidaceae,Bacteroidales,ERR414330,0.088551724
Porphyromonadaceae,Bacteroidales,ERR414330,0.116689655
Rikenellaceae,Bacteroidales,ERR414330,0.269793103
Clostridiaceae,Clostridiales,ERR414330,0.116928447
Lachnospiraceae,Clostridiales,ERR414330,0.087173101
Peptostreptococcaceae,Clostridiales,ERR414330,0.366127024
Ruminococcaceae,Clostridiales,ERR414330,0.164257228
Lactobacillaceae,Lactobacillales,ERR414330,0.050366032
Streptococcaceae,Lactobacillales,ERR414330,0.140890451
Bacteroidaceae,Bacteroidales,ERR414331,0.107509454
Porphyromonadaceae,Bacteroidales,ERR414331,0.135062129
Prevotellaceae,Bacteroidales,ERR414331,0.212317666
Rikenellaceae,Bacteroidales,ERR414331,0.284981091
Clostridiaceae,Clostridiales,ERR414331,0.105781368
Lachnospiraceae,Clostridiales,ERR414331,0.075662043
Ruminococcaceae,Clostridiales,ERR414331,0.153710247
Lactobacillaceae,Lactobacillales,ERR414331,0.050366032
Streptococcaceae,Lactobacillales,ERR414331,0.140890451
Bacteroidaceae,Bacteroidales,ERR414332,0.107509454
Porphyromonadaceae,Bacteroidales,ERR414332,0.135062129
Prevotellaceae,Bacteroidales,ERR414332,0.212317666
Rikenellaceae,Bacteroidales,ERR414332,0.284981091
Clostridiaceae,Clostridiales,ERR414332,0.116928447
Lachnospiraceae,Clostridiales,ERR414332,0.087173101
Peptostreptococcaceae,Clostridiales,ERR414332,0.366127024
Ruminococcaceae,Clostridiales,ERR414332,0.164257228
Lactobacillaceae,Lactobacillales,ERR414332,0.050366032
Streptococcaceae,Lactobacillales,ERR414332,0.140890451
Bacteroidaceae,Bacteroidales,ERR414333,0.107509454
Porphyromonadaceae,Bacteroidales,ERR414333,0.135062129
Prevotellaceae,Bacteroidales,ERR414333,0.212317666
Rikenellaceae,Bacteroidales,ERR414333,0.284981091
Clostridiaceae,Clostridiales,ERR414333,0.116928447
Lachnospiraceae,Clostridiales,ERR414333,0.087173101
Peptostreptococcaceae,Clostridiales,ERR414333,0.366127024
Ruminococcaceae,Clostridiales,ERR414333,0.164257228
Enterococcaceae,Lactobacillales,ERR414333,0.263339071
Lactobacillaceae,Lactobacillales,ERR414333,0.06997419
Streptococcaceae,Lactobacillales,ERR414333,0.158634538
Oxalobacteraceae,Burkholderiales,ERR414333,0.337734538
Suterellaceae,Burkholderiales,ERR414333,0.144544823
Bacteroidaceae,Bacteroidales,ERR414334,0.107509454
Porphyromonadaceae,Bacteroidales,ERR414334,0.135062129
Prevotellaceae,Bacteroidales,ERR414334,0.212317666
Rikenellaceae,Bacteroidales,ERR414334,0.284981091
Clostridiaceae,Clostridiales,ERR414334,0.116928447
Lachnospiraceae,Clostridiales,ERR414334,0.087173101
Peptostreptococcaceae,Clostridiales,ERR414334,0.366127024
Ruminococcaceae,Clostridiales,ERR414334,0.164257228
Lactobacillaceae,Lactobacillales,ERR414334,0.050366032
Streptococcaceae,Lactobacillales,ERR414334,0.140890451
Bacteroidaceae,Bacteroidales,ERR414335,0.088551724
Porphyromonadaceae,Bacteroidales,ERR414335,0.116689655
Rikenellaceae,Bacteroidales,ERR414335,0.269793103
Clostridiaceae,Clostridiales,ERR414335,0.105781368
Lachnospiraceae,Clostridiales,ERR414335,0.075662043
Ruminococcaceae,Clostridiales,ERR414335,0.153710247
Bacteroidaceae,Bacteroidales,ERR414336,0.088551724
Porphyromonadaceae,Bacteroidales,ERR414336,0.116689655
Rikenellaceae,Bacteroidales,ERR414336,0.269793103
Clostridiaceae,Clostridiales,ERR414336,0.116928447
Lachnospiraceae,Clostridiales,ERR414336,0.087173101
Peptostreptococcaceae,Clostridiales,ERR414336,0.366127024
Ruminococcaceae,Clostridiales,ERR414336,0.164257228
Bacteroidaceae,Bacteroidales,ERR414337,0.107509454
Porphyromonadaceae,Bacteroidales,ERR414337,0.135062129
Prevotellaceae,Bacteroidales,ERR414337,0.212317666
Rikenellaceae,Bacteroidales,ERR414337,0.284981091
Clostridiaceae,Clostridiales,ERR414337,0.116928447
Lachnospiraceae,Clostridiales,ERR414337,0.087173101
Peptostreptococcaceae,Clostridiales,ERR414337,0.366127024
Ruminococcaceae,Clostridiales,ERR414337,0.164257228
Lactobacillaceae,Lactobacillales,ERR414337,0.050366032
Streptococcaceae,Lactobacillales,ERR414337,0.140890451
Bacteroidaceae,Bacteroidales,ERR414338,0.107509454
Porphyromonadaceae,Bacteroidales,ERR414338,0.135062129
Prevotellaceae,Bacteroidales,ERR414338,0.212317666
Rikenellaceae,Bacteroidales,ERR414338,0.284981091
Clostridiaceae,Clostridiales,ERR414338,0.116928447
Lachnospiraceae,Clostridiales,ERR414338,0.087173101
Peptostreptococcaceae,Clostridiales,ERR414338,0.366127024
Ruminococcaceae,Clostridiales,ERR414338,0.164257228
Lactobacillaceae,Lactobacillales,ERR414338,0.050366032
Streptococcaceae,Lactobacillales,ERR414338,0.140890451
Oxalobacteraceae,Burkholderiales,ERR414338,0.337734538
Suterellaceae,Burkholderiales,ERR414338,0.144544823
Bacteroidaceae,Bacteroidales,ERR414339,0.107509454
Porphyromonadaceae,Bacteroidales,ERR414339,0.135062129
Prevotellaceae,Bacteroidales,ERR414339,0.212317666
Rikenellaceae,Bacteroidales,ERR414339,0.284981091
Clostridiaceae,Clostridiales,ERR414339,0.116928447
Lachnospiraceae,Clostridiales,ERR414339,0.087173101
Peptostreptococcaceae,Clostridiales,ERR414339,0.366127024
Ruminococcaceae,Clostridiales,ERR414339,0.164257228
Bacteroidaceae,Bacteroidales,ERR414341,0.088551724
Porphyromonadaceae,Bacteroidales,ERR414341,0.116689655
Rikenellaceae,Bacteroidales,ERR414341,0.269793103
Clostridiaceae,Clostridiales,ERR414341,0.105781368
Lachnospiraceae,Clostridiales,ERR414341,0.075662043
Ruminococcaceae,Clostridiales,ERR414341,0.153710247
Lactobacillaceae,Lactobacillales,ERR414341,0.050366032
Streptococcaceae,Lactobacillales,ERR414341,0.140890451
Bacteroidaceae,Bacteroidales,ERR414343,0.088551724
Porphyromonadaceae,Bacteroidales,ERR414343,0.116689655
Rikenellaceae,Bacteroidales,ERR414343,0.269793103
Clostridiaceae,Clostridiales,ERR414343,0.116928447
Lachnospiraceae,Clostridiales,ERR414343,0.087173101
Peptostreptococcaceae,Clostridiales,ERR414343,0.366127024
Ruminococcaceae,Clostridiales,ERR414343,0.164257228
Lactobacillaceae,Lactobacillales,ERR414343,0.050366032
Streptococcaceae,Lactobacillales,ERR414343,0.140890451
Oxalobacteraceae,Burkholderiales,ERR414343,0.337734538
Suterellaceae,Burkholderiales,ERR414343,0.144544823
Bacteroidaceae,Bacteroidales,ERR414344,0.107509454
Porphyromonadaceae,Bacteroidales,ERR414344,0.135062129
Prevotellaceae,Bacteroidales,ERR414344,0.212317666
Rikenellaceae,Bacteroidales,ERR414344,0.284981091
Clostridiaceae,Clostridiales,ERR414344,0.116928447
Lachnospiraceae,Clostridiales,ERR414344,0.087173101
Peptostreptococcaceae,Clostridiales,ERR414344,0.366127024
Ruminococcaceae,Clostridiales,ERR414344,0.164257228
Bacteroidaceae,Bacteroidales,ERR414345,0.107509454
Porphyromonadaceae,Bacteroidales,ERR414345,0.135062129
Prevotellaceae,Bacteroidales,ERR414345,0.212317666
Rikenellaceae,Bacteroidales,ERR414345,0.284981091
Clostridiaceae,Clostridiales,ERR414345,0.116928447
Lachnospiraceae,Clostridiales,ERR414345,0.087173101
Peptostreptococcaceae,Clostridiales,ERR414345,0.366127024
Ruminococcaceae,Clostridiales,ERR414345,0.164257228
Lactobacillaceae,Lactobacillales,ERR414345,0.050366032
Streptococcaceae,Lactobacillales,ERR414345,0.140890451
Actinomycetaceae,Actinomycetales,ERR414347,0.043979058
Micrococcaceae,Actinomycetales,ERR414347,0.418499127
Bacteroidaceae,Bacteroidales,ERR414347,0.107509454
Porphyromonadaceae,Bacteroidales,ERR414347,0.135062129
Prevotellaceae,Bacteroidales,ERR414347,0.212317666
Rikenellaceae,Bacteroidales,ERR414347,0.284981091
Clostridiaceae,Clostridiales,ERR414347,0.116928447
Lachnospiraceae,Clostridiales,ERR414347,0.087173101
Peptostreptococcaceae,Clostridiales,ERR414347,0.366127024
Ruminococcaceae,Clostridiales,ERR414347,0.164257228
Lactobacillaceae,Lactobacillales,ERR414347,0.050366032
Streptococcaceae,Lactobacillales,ERR414347,0.140890451
Bacteroidaceae,Bacteroidales,ERR414351,0.107509454
Porphyromonadaceae,Bacteroidales,ERR414351,0.135062129
Prevotellaceae,Bacteroidales,ERR414351,0.212317666
Rikenellaceae,Bacteroidales,ERR414351,0.284981091
Clostridiaceae,Clostridiales,ERR414351,0.116928447
Lachnospiraceae,Clostridiales,ERR414351,0.087173101
Peptostreptococcaceae,Clostridiales,ERR414351,0.366127024
Ruminococcaceae,Clostridiales,ERR414351,0.164257228
Enterococcaceae,Lactobacillales,ERR414351,0.263339071
Lactobacillaceae,Lactobacillales,ERR414351,0.06997419
Streptococcaceae,Lactobacillales,ERR414351,0.158634538
