organism,seedid,kingdom,phylum,class,order,family,genus,oxygenstat,metabolism,gram,mtype,genes,reactions,metabolites,draftcreator,draftcreated,phenotype,imgid,ncbiid,platform,species,file,taxa_id,kbaseid,id,summary_rank
Abiotrophia defectiva ATCC 49176,Abiotrophia defectiva ATCC 49176 (592010.4),Bacteria,Firmicutes,Bacilli,Lactobacillales,Aerococcaceae,Abiotrophia,Facultative anaerobe,"Saccharolytic, fermentative or respiratory",Positive,Pathogen,631.0,2428.0,1250.0,Eugen Bauer,07/01/14,1.0,2562617177.0,592010.0,ModelSEED,defectiva,Abiotrophia.json,46125.0,,Abiotrophia,genus
Clostridium sticklandii DSM 519,Clostridium sticklandii DSM 519 (499177.3),Bacteria,Firmicutes,Clostridia,Clostridiales,Peptostreptococcaceae,Acetoanaerobium,Obligate anaerobe,"Proteolytic, non-sachharolytic",Positive,,699.0,1270.0,959.0,Laura Kutt,04/18/16,,649633033.0,499177.0,ModelSEED,sticklandii,Acetoanaerobium.json,1511.0,kb|g.1828,Acetoanaerobium,genus
,Achromobacter xylosoxidans A8 (762376.5),Bacteria,Proteobacteria,Betaproteobacteria,Burkholderiales,Alcaligenaceae,Achromobacter,Aerobe,Respiratory,Negative,,,,,,,,,,,xylosoxidans,Achromobacter.json,85698.0,,Achromobacter,genus
,,Bacteria,Firmicutes,Negativicutes,,Acidaminococcaceae,Acidaminococcus,Obligate anaerobe,,Negative,,,,,,,,,,Kbase,,Acidaminococcus.json,,kb|g.2555,Acidaminococcus,genus
,,Bacteria,Proteobacteria,Gammaproteobacteria,Pseudomonadales,Moraxellaceae,Acinetobacter,Aerobe,,Negative,,,,,,,,,,,,Acinetobacter.json,,,Acinetobacter,genus
Actinobacillus pleuropneumoniae L20,Actinobacillus pleuropneumoniae L20 (416269.5),Bacteria,Proteobacteria,Gammaproteobacteria,Pasteurellales,Pasteurellaceae,Actinobacillus,Facultative anaerobe,"Saccharolytic, fermentative",Negative,,772.0,1403.0,1027.0,Laura Kutt,06/02/16,,640069302.0,416269.0,Kbase,pleuropneumoniae,Actinobacillus.json,715.0,kb|g.1403,Actinobacillus,genus
,,Bacteria,Actinobacteria,Actinobacteria,Actinomycetales,Actinomycetaceae,Actinomyces,,"Saccharolytic, fermentative",Positive,,,,,,,,,,,,Actinomyces.json,,,Actinomyces,genus
Adlercreutzia equolifaciens DSM 19450,,Bacteria,Actinobacteria,Coriobacteriia,Eggerthellales,Eggerthellaceae,Adlercreutzia,Obligate anaerobe,"Asaccharolytic, nonfermentative",Positive,Commensal,590.0,942.0,813.0,chenry,09/09/14,,2597489914.0,1384484.0,Kbase,equolifaciens,Adlercreutzia.json,446660.0,,Adlercreutzia,genus
Aerococcus viridans ATCC 11563,Aerococcus viridans ATCC 11563 (655812.3),Bacteria,Firmicutes,Bacilli,Lactobacillales,Aerococcaceae,Aerococcus,Facultative anaerobe,"Saccharolytic, fermentative",Positive,,667.0,1209.0,941.0,Laura Kutt,04/17/16,,647000207.0,655812.0,Kbase,viridans,Aerococcus.json,1377.0,kb|g.2789,Aerococcus,genus
,,Bacteria,Proteobacteria,Gammaproteobacteria,Aeromonadales,Aeromonadaceae,Aeromonas,Facultative anaerobe,,Negative,,,,,Laura Kutt,04/18/16,,,,Kbase,,Aeromonas.json,,,Aeromonas,genus
Aggregatibacter aphrophilus NJ8700,Aggregatibacter aphrophilus NJ8700 (634176.4),Bacteria,Proteobacteria,Gammaproteobacteria,Pasteurellales,Pasteurellaceae,Aggregatibacter,Aerobe,Respiratory,Negative,,730.0,1294.0,998.0,Laura Kutt,04/19/16,,644736324.0,634176.0,Kbase,aphrophilus,Aggregatibacter.json,732.0,kb|g.2675,Aggregatibacter,genus
Agrobacterium tumefaciens F2,Agrobacterium tumefaciens F2 (1050720.3),Bacteria,Proteobacteria,Alphaproteobacteria,Rhizobiales,Rhizobiaceae,Agrobacterium,Aerobe,Respiratory,Negative,,1290.0,1562.0,1169.0,,,,,1050720.0,Kbase,tumefaciens,Agrobacterium.json,358.0,kb|g.23531,Agrobacterium,genus
Akkermansia muciniphila ATCC BAA-835,Akkermansia muciniphila ATCC BAA-835 (349741.6),Bacteria,Verrucomicrobia,Verrucomicrobiae,Verrucomicrobiales,Akkermansiaceae,Akkermansia,Obligate anaerobe,"Saccharolytic, fermentative",Negative,Commensal,643.0,2274.0,1275.0,Eugen Bauer,08/03/14,4.0,642555104.0,349741.0,Kbase,muciniphila,Akkermansia.json,239935.0,,Akkermansia,genus
,,Bacteria,Proteobacteria,Betaproteobacteria,Burkholderiales,Alcaligenaceae,Alcaligenes,Aerobe,Respiratory,Negative,,,,,Laura Kutt,,,,,Kbase,faecalis,Alcaligenes.json,511.0,,Alcaligenes,genus
Afipia birgiae 34632,Afipia birgiae 34632 (1197906.5),Bacteria,Proteobacteria,Alphaproteobacteria,Rhizobiales,Brucellaceae,Alfipia,Obligate aerobe,Respiratory,Negative,,1178.0,1482.0,1113.0,Laura Kutt,04/18/16,,2551306146.0,1197906.0,Kbase,birgiae,Alfipia.json,,kb|g.25402,Alfipia,genus
,,Bacteria,Bacteroidetes,Bacteroidia,Bacteroidales,Rikenellaceae,Alistipes,Obligate anaerobe,,Negative,,,,,,,,,,,,Alistipes.json,,,Alistipes,genus
Alloprevotella tannerae ATCC 51259,,Bacteria,Bacteroidetes,Bacteroidia,Bacteroidales,Prevotellaceae,Alloprevotella,Obligate anaerobe,"Saccharolytic, fermentative",Negative,,809.0,893.0,770.0,Laura Kutt,04/17/16,,,626522.0,Kbase,tannerae,Alloprevotella.json,76122.0,kb|g.2651,Alloprevotella,genus
"Anaerobaculum hydrogeniformans OS1, ATCC BAA-1850",Anaerobaculum hydrogeniformans ATCC BAA-1850 (592015.5),Bacteria,Synergistetes,Synergistia,Synergistales,Synergistaceae,Anaerobaculum,Obligate anaerobe,"Saccharolytic, fermentative",Negative,Commensal,670.0,1030.0,825.0,Ines Thiele,06/29/12,3.0,647000209.0,649746.0,Kbase,hydrogeniformans,Anaerobaculum.json,649746.0,,Anaerobaculum,genus
Anaerobiospirillum succiniciproducens DSM 640001,,Bacteria,Proteobacteria,Gammaproteobacteria,Aeromonadales,Vibrionaceae,Anaerobiospirillum,Anaerobe,Asaccharolytic,Negative,,563.0,1127.0,919.0,Laura Kutt,04/19/16,,,1120988.0,Kbase,succiniciproducens,Anaerobiospirillum.json,13335.0,kb|g.207031,Anaerobiospirillum,genus
,,Bacteria,Firmicutes,,,Peptoniphilaceae,Anaerococcus,Obligate anaerobe,,Positive,Commensal,,,,,,4.0,,,Kbase,,Anaerococcus.json,,,Anaerococcus,genus
Anaerofustis stercorihominis DSM 17244,Anaerofustis stercorihominis DSM 17244 (445971.6),Bacteria,Firmicutes,Clostridia,Clostridiales,Eubacteriaceae,Anaerofustis,Obligate anaerobe,"Saccharolytic, fermentative",Positive,Commensal,587.0,986.0,847.0,Eugen Bauer,08/03/14,1.0,641736193.0,445971.0,ModelSEED,stercorihominis,Anaerofustis.json,214853.0,,Anaerofustis,genus
,,Bacteria,Firmicutes,Clostridia,Clostridiales,Lachnospiraceae,Anaerostipes,Obligate anaerobe,,Positive,Commensal,,,,,,,,,,,Anaerostipes.json,,,Anaerostipes,genus
Anaerotruncus colihominis DSM 17241,Anaerotruncus colihominis DSM 17241 (445972.6),Bacteria,Firmicutes,Clostridia,Clostridiales,Ruminococcaceae,Anaerotruncus,Obligate anaerobe,"Saccharolytic, fermentative",Positive,Commensal,754.0,1090.0,887.0,Ines Thiele,04/20/12,4.0,641736271.0,445972.0,Kbase,colihominis,Anaerotruncus.json,169435.0,,Anaerotruncus,genus
Aneurinibacillus aneurinilyticus ATCC 12856,,Bacteria,Firmicutes,Bacilli,Bacillales,Paenibacillaceae,Aneurinibacillus,Aerobe,Saccharolytic,Positive,,1076.0,1510.0,1142.0,Laura Kutt,04/18/16,,2563366762.0,649747.0,Kbase,aneurinilyticus,Aneurinibacillus.json,1391.0,kb|g.216026,Aneurinibacillus,genus
,Arcanobacterium haemolyticum DSM 20595 (644284.3),Bacteria,Actinobacteria,Actinobacteria,Actinomycetales,Actinomycetaceae,Arcanobacterium,Facultative anaerobe,"Saccharolytic, fermentative",Positive,Opportunistic pathogen,,,,chenry,04/15/16,,,,,,Arcanobacterium.json,,,Arcanobacterium,genus
Arcobacter butzleri RM4018,Arcobacter butzleri RM4018 (367737.4),Bacteria,Proteobacteria,Epsilonproteobacteria,Campylobacterales,Campylobacteraceae,Arcobacter,Microaerophile,"Non-fermentative, asaccharolytic",Negative,,634.0,1081.0,902.0,Laura Kutt,04/18/16,,640753004.0,367737.0,Kbase,butzleri,Arcobacter.json,28197.0,kb|g.1095,Arcobacter,genus
Arthrobacter castelli DSM 16402,,Bacteria,Actinobacteria,Actinobacteria,Actinomycetales,Actinomycetaceae,Arthrobacter,Aerobe,"Asaccharolytic, nonfermentative",Positive,Uncharacterized,1019.0,1428.0,1109.0,chenry,04/15/16,,,1121019.0,Kbase,castelli,Arthrobacter.json,271431.0,kb|g.207043,Arthrobacter,genus
,,Bacteria,Actinobacteria,Coriobacteriia,Coriobacteriales,Coriobacteriaceae,Atopobium,Obligate anaerobe,"Saccharolytic, fermentative",Positive,Opportunistic pathogen,,,,chenry,04/15/16,,,,Kbase,,Atopobium.json,,,Atopobium,genus
,,Bacteria,Firmicutes,Bacilli,Bacillales,Bacillaceae,Bacillus,,,Positive,,,,,,,,,,,,Bacillus.json,,,Bacillus,genus
,,Bacteria,Bacteroidetes,Bacteroidia,Bacteroidales,Bacteroidaceae,Bacteroides,,"Saccharolytic, fermentative",Negative,Commensal,,,,,,,,,,,Bacteroides.json,,,Bacteroides,genus
Barnesiella intestinihominis YIT 11860,Barnesiella intestinihominis YIT 11860 (742726.3),Bacteria,Bacteroidetes,Bacteroidia,Bacteroidales,Porphyromonadaceae,Barnesiella,Obligate anaerobe,"Saccharolytic, fermentative",Negative,Commensal,622.0,2235.0,1282.0,chenry,09/10/14,,2529292932.0,742726.0,Kbase,intestinihominis,Barnesiella.json,487174.0,kb|g.27473,Barnesiella,genus
Bartonella quintana Toulouse,Bartonella quintana str. Toulouse (283165.4),Bacteria,Proteobacteria,Alphaproteobacteria,Rhizobiales,Bartonellaceae,Bartonella,Aerobe,"Strictly respiratory, asaccharolytic",Negative,Pathogen,455.0,894.0,753.0,Eugen Bauer,08/03/14,1.0,637000028.0,283165.0,Kbase,quintana,Bartonella.json,803.0,,Bartonella,genus
,,Bacteria,Actinobacteria,Actinobacteria,Bifidobacteriales,Bifidobacteriaceae,Bifidobacterium,,"Saccharolytic, fermentative",Positive,,,,,,,,,,,,Bifidobacterium.json,,,Bifidobacterium,genus
Bilophila wadsworthia 3_1_6,Bilophila wadsworthia 3_1_6 (563192.3),Bacteria,Proteobacteria,Deltaproteobacteria,Desulfovibrionales,Desulfovibrionaceae,Bilophila,Obligate anaerobe,"Only anaerobic respiration, nonfermentative, asaccharolytic",Negative,Commensal,819.0,1386.0,1081.0,Ines Thiele,06/29/12,1.0,2562617176.0,563192.0,ModelSEED,wadsworthia,Bilophila.json,35833.0,,Bilophila,genus
Blastococcus massiliensis AP3,,Bacteria,Actinobacteria,Actinobacteria,Actinomycetales,Geodermatophilaceae,Blastococcus,Aerobe,Uncharacterized,Positive,Uncharacterized,805.0,1324.0,1048.0,chenry,04/15/16,,2600255077.0,1211815.0,ModelSEED,massiliensis,Blastococcus.json,1470358.0,kb|g.208017,Blastococcus,genus
,,Bacteria,Firmicutes,Clostridia,Clostridiales,Lachnospiraceae,Blautia,Obligate anaerobe,,Positive,Commensal,,,,,,,,,,,Blautia.json,,,Blautia,genus
Bordetella hinzii OH87 BAL007II,,Bacteria,Proteobacteria,Betaproteobacteria,Burkholderiales,Bradyrhizobiaceae,Bordetella,Aerobe,Respiratory,Negative,,1236.0,1557.0,1157.0,Laura Kutt,04/18/16,,,1331262.0,Kbase,hinzii,Bordetella.json,103855.0,kb|g.240068,Bordetella,genus
Brachybacterium paraconglomeratum LC44,Brachybacterium paraconglomeratum LC44 (1064537.3),Bacteria,Actinobacteria,Actinobacteria,Actinomycetales,Dermabacteraceae,Brachybacterium,"Aerobe, microaerophile",Saccharolytic,Positive,Commensal,909.0,1413.0,1061.0,chenry,04/15/16,,2548876523.0,1064537.0,ModelSEED,paraconglomeratum,Brachybacterium.json,173362.0,kb|g.23654,Brachybacterium,genus
Brachyspira pilosicoli B2904,Brachyspira pilosicoli B2904 (1133568.3),Bacteria,Spirochaetes,Spirochaetia,Spirochaetales,Spirochaetaceae,Brachyspira,Obligate anaerobe,Saccharolytic,Negative,,725.0,1195.0,949.0,Laura Kutt,04/19/16,,2519103103.0,1133568.0,ModelSEED,pilosicoli,Brachyspira.json,52584.0,kb|g.24488,Brachyspira,genus
,,Bacteria,Proteobacteria,Alphaproteobacteria,Rhizobiales,,Bradyrhizobium,Obligate aerobe,Respiratory,Negative,,,,,Laura Kutt,04/18/16,,,,Kbase,,Bradyrhizobium.json,,,Bradyrhizobium,genus
,,Bacteria,Firmicutes,Bacilli,Bacillales,Paenibacillaceae,Brevibacillus,Aerobe,Saccharolytic,Variable,,,,,Laura Kutt,,,,,ModelSEED,,Brevibacillus.json,,,Brevibacillus,genus
,,Bacteria,Actinobacteria,Actinobacteria,Actinomycetales,Brevibacteriaceae,Brevibacterium,Aerobe,"Respiratory, non fermentative",Positive,,,,,chenry,04/15/16,,,,ModelSEED,,Brevibacterium.json,,,Brevibacterium,genus
,,Bacteria,Proteobacteria,Alphaproteobacteria,Caulobacterales,Caulobacteraceae,Brevundimonas,,Respiratory,Negative,,,,,Laura Kutt,04/18/16,,,,,,Brevundimonas.json,,,Brevundimonas,genus
Brochothrix thermosphacta DSM 20171 = FSL F6-1036,,Bacteria,Firmicutes,Bacilli,Bacillales,Listeriaceae,Brochotrix,Facultative anaerobe,"Saccharolytic, fermentative",Positive,,750.0,1361.0,999.0,Laura Kutt,04/18/16,,,1121126.0,Kbase,thermosphacta,Brochotrix.json,,kb|g.240107,Brochotrix,genus
Bulleidia extructa W1219,Bulleidia extructa W1219 (679192.3),Bacteria,Firmicutes,Erysipelotrichia,Erysipelotrichales,Erysipelotrichaceae,Bulleidia,Obligate anaerobe,"Saccharolytic, fermentative",Positive,,367.0,934.0,742.0,Laura Kutt,04/18/16,,647000218.0,679192.0,ModelSEED,extructa,Bulleidia.json,118748.0,kb|g.2936,Bulleidia,genus
Burkholderia cepacia GG4,Burkholderia cepacia GG4 (1009846.3),Bacteria,Proteobacteria,Betaproteobacteria,Burkholderiales,Burkholderiaceae,Burkholderia,Microaerophile,"Non-fermentative, asaccharolytic",Negative,,1547.0,1785.0,1260.0,Laura Kutt,04/18/16,,2521172695.0,1009846.0,ModelSEED,cepacia,Burkholderia.json,292.0,kb|g.23290,Burkholderia,genus
Butyricicoccus pullicaecorum 1.2,Butyricicoccus pullicaecorum 1.2 (1203606.4),Bacteria,Firmicutes,Clostridia,Clostridiales,Clostridiaceae,Butyricicoccus,Facultative anaerobe,"Saccharolytic, respiratory or fermentative",Positive,Probiotic potential,768.0,1915.0,1312.0,Laura Kutt,04/18/16,,2537561731.0,1203606.0,Kbase,pullicaecorum,Butyricicoccus.json,501571.0,kb|g.31101,Butyricicoccus,genus
,Butyricimonas synergistica DSM 23225 (1121129.3),Bacteria,Bacteroidetes,Bacteroidia,Bacteroidales,Porphyromonadaceae,Butyricimonas,Obligate anaerobe,"Saccharolytic, fermentative",Negative,Commensal,,,,chenry,04/15/16,,,,Kbase,,Butyricimonas.json,,,Butyricimonas,genus
,,Bacteria,Firmicutes,Clostridia,Clostridiales,Lachnospiraceae,Butyrivibrio,Obligate anaerobe,,Structurally positive but stains negative,Commensal,,,,Ines Thiele,,1.0,,,Kbase,,Butyrivibrio.json,,,Butyrivibrio,genus
,,Bacteria,Proteobacteria,Epsilonproteobacteria,Campylobacterales,Campylobacteraceae,Campylobacter,,,Negative,,,,,,,,,,,,Campylobacter.json,,,Campylobacter,genus
,,Bacteria,Bacteroidetes,Flavobacteriia,Flavobacteriales,Flavobacteriaceae,Capnocytophaga,Facultative anaerobe,"Saccharolytic, fermentative",Negative,,,,,chenry,04/15/16,,,,ModelSEED,,Capnocytophaga.json,,,Capnocytophaga,genus
Catenibacterium mitsuokai DSM 15897,Catenibacterium mitsuokai DSM 15897 (451640.5),Bacteria,Firmicutes,Erysipelotrichia,Erysipelotrichales,Erysipelotrichaceae,Catenibacterium,Obligate anaerobe,"Saccharolytic, fermentative",Positive,Commensal,602.0,983.0,830.0,Ines Thiele,04/20/12,3.0,643886110.0,451640.0,ModelSEED,mitsuokai,Catenibacterium.json,100886.0,,Catenibacterium,genus
Cedecea davisae DSM 4568,Cedecea davisae DSM 4568 (566551.4),Bacteria,Proteobacteria,Gammaproteobacteria,Enterobacteriales,Enterobacteriaceae,Cedecea,Aerobe,Respiratory,Negative,,1258.0,2255.0,1525.0,Laura Kutt,04/18/16,,2541046972.0,566551.0,ModelSEED,davisae,Cedecea.json,158484.0,kb|g.32230,Cedecea,genus
Cellulosilyticum lentocellum DSM 5427,,Bacteria,Firmicutes,Clostridia,Clostridiales,Lachnospiraceae,Cellulosilyticum,Obligate anaerobe,"Saccharolytic, fermentative",Negative,,778.0,1239.0,948.0,Laura Kutt,04/18/16,,,642492.0,ModelSEED,lentocellum,Cellulosilyticum.json,29360.0,kb|g.2732,Cellulosilyticum,genus
Cellulosimicrobium cellulans J36,,Bacteria,Actinobacteria,Actinobacteria,Actinomycetales,Promicromonosporaceae,Cellulosimicrobium,Facultative anaerobe,"Saccharolytic, fermentative",Positive,Opportunistic pathogen,490.0,1278.0,972.0,chenry,04/15/16,,2508501028.0,935839.0,ModelSEED,cellulans,Cellulosimicrobium.json,1710.0,kb|g.216424,Cellulosimicrobium,genus
Cetobacterium somerae ATCC BAA-47401,,Bacteria,Fusobacteria,Fusobacteriia,Fusobacteriales,Fusobacteriaceae,Cetobacterium,Obligate anaerobe,"Saccharolytic, fermentative",Negative,,845.0,1323.0,1029.0,Laura Kutt,04/18/16,,2558860278.0,1319815.0,ModelSEED,somerae,Cetobacterium.json,188913.0,kb|g.209858,Cetobacterium,genus
,,Bacteria,Proteobacteria,Gammaproteobacteria,Enterobacteriales,Enterobacteriaceae,Citrobacter,Facultative anaerobe,,Negative,,,,,,,,,,ModelSEED,,Citrobacter.json,,,Citrobacter,genus
Cloacibacillus evryensis DSM 19522,,Bacteria,Synergistetes,Synergistia,Synergistales,Synergistaceae,Cloacibacillus,Obligate anaerobe,"Asaccharolytic, fermentative",Negative,,873.0,1214.0,993.0,Laura Kutt,04/19/16,,,866499.0,ModelSEED,evryensis,Cloacibacillus.json,508460.0,kb|g.216301,Cloacibacillus,genus
,,Bacteria,Firmicutes,Clostridia,Clostridiales,Peptostreptococcaceae,Clostridioides,Obligate anaerobe,"Proteolytic, few carbohydrates fermented",Positive,Opportunistic pathogen,,,,,,3.0,,,ModelSEED,difficile,Clostridioides.json,1496.0,,Clostridioides,genus
,,Bacteria,Firmicutes,Clostridia,Clostridiales,Clostridiaceae,Clostridium,,,,,,,,,,,,,,,Clostridium.json,,,Clostridium,genus
,,Bacteria,Actinobacteria,Coriobacteriia,Coriobacteriales,Coriobacteriaceae,Collinsella,Obligate anaerobe,"Saccharolytic, fermentative",Positive,Commensal,,,,,,,,,ModelSEED,,Collinsella.json,,,Collinsella,genus
Comamonas testosteroni CNB-2,Comamonas testosteroni CNB-2 (688245.4),Bacteria,Proteobacteria,Betaproteobacteria,Burkholderiales,Comamonadaceae,Comamonas,Facultative anaerobe,Fermentative,Negative,,1164.0,1541.0,1168.0,,,,,688245.0,ModelSEED,testosteroni,Comamonas.json,285.0,kb|g.2973,Comamonas,genus
,Coprobacillus sp. 29_1 (469596.3),Bacteria,Firmicutes,Erysipelotrichia,Erysipelotrichales,Erysipelotrichaceae,Coprobacillus,Obligate anaerobe,"Saccharolytic, fermentative",Positive,Commensal,,,,Ines Thiele,,,,,ModelSEED,,Coprobacillus.json,100883.0,,Coprobacillus,genus
,,Bacteria,Firmicutes,Clostridia,Clostridiales,Lachnospiraceae,Coprococcus,Obligate anaerobe,"Saccharolytic, fermentative",Positive,,,,,,,,,,ModelSEED,,Coprococcus.json,,kb|g.3102,Coprococcus,genus
,,Bacteria,Actinobacteria,Actinobacteria,Actinomycetales,Corynebacteriaceae,Corynebacterium,Facultative anaerobe,,Positive,,,,,chenry,04/15/16,,,,,,Corynebacterium.json,,,Corynebacterium,genus
Cronobacter sakazakii ATCC BAA-894,Cronobacter sakazakii ATCC BAA-894 (290339.8),Bacteria,Proteobacteria,Gammaproteobacteria,Enterobacteriales,Enterobacteriaceae,Cronobacter,Facultative anaerobe,"Fermentative, respiratory",Negative,,1132.0,1685.0,1175.0,Laura Kutt,04/18/16,,640753022.0,290339.0,ModelSEED,sakazakii,Cronobacter.json,28141.0,kb|g.683,Cronobacter,genus
Cryptobacterium curtum DSM 15641,Cryptobacterium curtum DSM 15641 (469378.4),Bacteria,Actinobacteria,Coriobacteriia,Coriobacteriales,Coriobacteriaceae,Ctyptobacterium,Obligate anaerobe,"Asaccharolytic, nonfermentative",Positive,Commensal,438.0,917.0,777.0,chenry,04/15/16,,644736346.0,469378.0,ModelSEED,curtum,Ctyptobacterium.json,,kb|g.1643,Ctyptobacterium,genus
Curtobacterium flaccumfaciens UCD-AKU,Curtobacterium flaccumfaciens UCD-AKU (1292022.3),Bacteria,Actinobacteria,Actinobacteria,Actinomycetales,Microbacteriaceae,Curtobacterium,Obligate aerobe,Saccharolytic,Positive,,820.0,1319.0,1026.0,chenry,04/15/16,,2547132189.0,1292022.0,ModelSEED,flaccumfaciens,Curtobacterium.json,2035.0,kb|g.31863,Curtobacterium,genus
Delftia acidovorans SPH-1,Delftia acidovorans SPH-1 (398578.3),Bacteria,Proteobacteria,Betaproteobacteria,Burkholderiales,Comamonadaceae,Delftia,Facultative anaerobe,Fermentative,Negative,,1319.0,1692.0,1214.0,Laura Kutt,04/18/16,,641228489.0,398578.0,ModelSEED,acidovorans,Delftia.json,80866.0,kb|g.1274,Delftia,genus
Dermacoccus nishinomiyaensis,,Bacteria,Actinobacteria,Actinobacteria,Actinomycetales,Dermacoccaceae,Dermacoccus,Obligate aerobe,"Saccharolytic, respiratory",Positive,,740.0,1338.0,1048.0,chenry,04/15/16,,2588253755.0,1274.0,Kbase,nishinomiyaensis,Dermacoccus.json,1274.0,kb|g.244937,Dermacoccus,genus
,,Bacteria,Proteobacteria,Deltaproteobacteria,Desulfovibrionales,Desulfovibrionaceae,Desulfovibrio,,,Negative,,,,,,,,,,,,Desulfovibrio.json,,kb|g.207114,Desulfovibrio,genus
,,Bacteria,Firmicutes,Negativicutes,Veillonellales,Veillonellaceae,Dialister,Obligate anaerobe,Fermentative,Negative,Commensal,,,,Laura Kutt,04/18/16,,,,ModelSEED,,Dialister.json,,,Dialister,genus
Dietzia cinnamea P4,,Bacteria,Actinobacteria,Actinobacteria,Actinomycetales,Dietziaceae,Dietzia,Obligate aerobe,Saccharolytic,Positive,,764.0,1300.0,1032.0,chenry,04/15/16,,649989929.0,910954.0,ModelSEED,cinnamea,Dietzia.json,321318.0,kb|g.28335,Dietzia,genus
,,Bacteria,Firmicutes,Clostridia,Clostridiales,Lachnospiraceae,Dorea,Obligate anaerobe,"Saccharolytic, fermentative",Positive,,,,,,,,,,ModelSEED,,Dorea.json,,kb|g.1356,Dorea,genus
,,Bacteria,Bacteroidetes,Cytophagia,Cytophagales,Cytophagaceae,Dyadobacter,Aerobe,"Saccharolytic, fermentative",Negative,,,,,,,,,,ModelSEED,,Dyadobacter.json,,,Dyadobacter,genus
Dysgonomonas gadei ATCC BAA-286,Dysgonomonas gadei ATCC BAA-286 (742766.3),Bacteria,Bacteroidetes,Bacteroidia,Bacteroidales,Porphyromonadaceae,Dysgonomonas,Facultative anaerobe,"Saccharolytic, fermentative",Negative,,834.0,2280.0,1421.0,chenry,04/15/16,,651324026.0,742766.0,ModelSEED,gadei,Dysgonomonas.json,156974.0,kb|g.3127,Dysgonomonas,genus
,,Bacteria,Proteobacteria,Gammaproteobacteria,Enterobacteriales,Enterobacteriaceae,Edwardsiella,Facultative anaerobe,"Fermentative or respiratory, comparatively few carbohydrates used",Negative,Opportunistic pathogen,,,,,,,,,ModelSEED,tarda,Edwardsiella.json,636.0,,Edwardsiella,genus
,,Bacteria,Actinobacteria,Coriobacteriia,Eggerthellales,Eggerthellaceae,Eggerthella,Nanaerobe,Asaccharolytic,Positive,Commensal,,,,,,,,,ModelSEED,lenta,Eggerthella.json,,kb|g.1738,Eggerthella,genus
Eggerthia catenaformis OT 569 = DSM 20559,Eggerthia catenaformis OT 569 = DSM 20559 (999415.3),Bacteria,Firmicutes,Erysipelotrichia,Erysipelotrichales,Erysipelotrichaceae,Eggerthia,Obligate anaerobe,"Saccharolytic, fermentative",Positive,,558.0,1151.0,891.0,Laura Kutt,04/18/16,,2537561938.0,999415.0,ModelSEED,catenaformis,Eggerthia.json,31973.0,kb|g.32469,Eggerthia,genus
Eikenella corrodens ATCC 23834,Eikenella corrodens ATCC 23834 (546274.4),Bacteria,Proteobacteria,Betaproteobacteria,Neisseriales,Neisseriaceae,Eikenella,Facultative anaerobe,Non-fermentative,Negative,,587.0,1078.0,896.0,Laura Kutt,04/18/16,,,546274.0,ModelSEED,corrodens,Eikenella.json,539.0,kb|g.2194,Eikenella,genus
,,Bacteria,Proteobacteria,Gammaproteobacteria,Enterobacteriales,Enterobacteriaceae,Enterobacter,Facultative anaerobe,,Negative,,,,,,,,,,,,Enterobacter.json,,,Enterobacter,genus
,,Bacteria,Firmicutes,Bacilli,Lactobacillales,Enterococcaceae,Enterococcus,Facultative anaerobe,"Saccharolytic, fermentative",Positive,,,,,,,,,,,,Enterococcus.json,,,Enterococcus,genus
,,Bacteria,Firmicutes,Erysipelotrichia,Erysipelotrichales,Erysipelotrichaceae,Erysipelatoclostridium,Obligate anaerobe,"Saccharolytic, fermentative",,,,,,,,,,,,,Erysipelatoclostridium.json,,,Erysipelatoclostridium,genus
,,Bacteria,Proteobacteria,Gammaproteobacteria,Enterobacteriales,Enterobacteriaceae,Escherichia,Facultative anaerobe,,Negative,,,,,,,,,,Kbase,,Escherichia.json,,,Escherichia,genus
,,Bacteria,Firmicutes,Clostridia,Clostridiales,,Eubacterium,Obligate anaerobe,,,Commensal,,,,,,,,,Kbase,,Eubacterium.json,,,Eubacterium,genus
Exiguobacterium aurantiacum DSM 6208,,Bacteria,Firmicutes,Bacilli,Bacillales,Bacillales Incertae Sedis XII,Exiguobacterium,Facultative anaerobe,"Saccharolytic, non-fermentative",Positive,,766.0,1353.0,1044.0,Laura Kutt,04/17/16,,2562617001.0,1397694.0,Kbase,aurantiacum,Exiguobacterium.json,33987.0,kb|g.241173,Exiguobacterium,genus
,,Bacteria,Firmicutes,Clostridia,Clostridiales,Ruminococcaceae,Faecalibacterium,,"Saccharolytic, fermentative, acetate converted to butyrate",Structurally positive but stains negative,Commensal,,,,,,,,,Kbase,,Faecalibacterium.json,,,Faecalibacterium,genus
Eubacterium cylindroides T2-87,Eubacterium cylindroides T2-87 (717960.3),Bacteria,Firmicutes,Erysipelotrichia,Erysipelotrichales,Erysipelotrichaceae,Faecalitalea,Obligate anaerobe,"Saccharolytic, fermentative",Positive,Commensal,463.0,994.0,778.0,chenry,09/10/14,,650377935.0,717960.0,Kbase,cylindroides,Faecalitalea.json,39483.0,kb|g.3100,Faecalitalea,genus
Filifactor alocis ATCC 35896,Filifactor alocis ATCC 35896 (546269.3),Bacteria,Firmicutes,Clostridia,Clostridiales,Peptostreptococcaceae,Filifactor,Obligate anaerobe,,Negative,,439.0,1015.0,814.0,Laura Kutt,04/18/16,,2511231077.0,546269.0,Kbase,alocis,Filifactor.json,143361.0,kb|g.26890,Filifactor,genus
Finegoldia magna ATCC 29328,Finegoldia magna ATCC 29328 (334413.6),Bacteria,Firmicutes,Tissierellia,Tissierellales,Peptoniphilaceae,Finegoldia,Obligate anaerobe,"Asaccharolytic, peptone and amino acid converted to acetate",Positive,,453.0,900.0,730.0,Laura Kutt,04/18/16,,641522627.0,334413.0,Kbase,magna,Finegoldia.json,1260.0,kb|g.927,Finegoldia,genus
Flavonifractor plautii ATCC 29863,,Bacteria,Firmicutes,Clostridia,Clostridiales,Ruminococcaceae,Flavonifractor,Facultative anaerobe,"Saccharolytic, respiratory or fermentative",Positive,,744.0,1207.0,970.0,Laura Kutt,04/18/16,,2513237287.0,411475.0,Kbase,plautii,Flavonifractor.json,292800.0,kb|g.26645,Flavonifractor,genus
,,Bacteria,Fusobacteria,Fusobacteriia,Fusobacteriales,Fusobacteriaceae,Fusobacterium,,,Negative,,,,,,,,,,,,Fusobacterium.json,,,Fusobacterium,genus
,,Bacteria,Firmicutes,Bacilli,Bacillales,Bacillales Incertae Sedis XI,Gemella,Facultative anaerobe,"Saccharolytic, fermentative",Positive,,,,,Laura Kutt,,,645058834.0,,,,Gemella.json,,,Gemella,genus
Geobacillus stearothermophilus ATCC 7953,,Bacteria,Firmicutes,Bacilli,Bacillales,Bacillaceae,Geobacillus,Aerobe,"Saccharolytic, non-fermentative",Variable,,800.0,1414.0,1082.0,,,,,937593.0,Kbase,stearothermophilus,Geobacillus.json,1422.0,kb|g.241233,Geobacillus,genus
,,Bacteria,Actinobacteria,Actinobacteria,,Gordoniaceae,Gordonia,Obligate aerobe,Saccharolytic,Positive,,,,,,,,,,,,Gordonia.json,,,Gordonia,genus
"Gordonibacter pamelaeae 7-10-1-bT, DSM 19378",Gordonibacter pamelaeae 7-10-1-b (657308.3),Bacteria,Actinobacteria,Coriobacteriia,Eggerthellales,Eggerthellaceae,Gordonibacter,Nanaerobe,"Few carbon sources used, fermentation capabilities undescribed",Positive,Commensal,622.0,958.0,795.0,Ines Thiele,04/20/12,5.0,650377943.0,471189.0,Kbase,pamelaeae,Gordonibacter.json,471189.0,,Gordonibacter,genus
,,Bacteria,Firmicutes,Bacilli,Lactobacillales,Carnobacteriaceae,Granulicatella,Facultative anaerobe,"Saccharolytic, fermentative",Positive,Commensal,,,,Laura Kutt,,,,,,,Granulicatella.json,,,Granulicatella,genus
Grimontia hollisae CIP 101886,Grimontia hollisae CIP 101886 (675812.3),Bacteria,Proteobacteria,Gammaproteobacteria,Vibrionales,Vibrionaceae,Grimontia,Facultative anaerobe,"Fermentative, respiratory",Negative,,950.0,1492.0,1093.0,Laura Kutt,04/19/16,,647000258.0,675812.0,ModelSEED,hollisae,Grimontia.json,673.0,kb|g.2925,Grimontia,genus
,,Bacteria,Proteobacteria,Gammaproteobacteria,Pasteurellales,Pasteurellaceae,Haemophilus,,,Negative,Commensal,,,,Laura Kutt,,,,,ModelSEED,,Haemophilus.json,,,Haemophilus,genus
,Hafnia alvei ATCC 51873 (1002364.3),Bacteria,Proteobacteria,Gammaproteobacteria,Enterobacteriales,Enterobacteriaceae,Hafnia,Facultative anaerobe,"Fermentative, respiratory",Negative,Opportunistic pathogen,,,,Laura Kutt,,,,,ModelSEED,alvei,Hafnia.json,569.0,,Hafnia,genus
Halococcus morrhuae DSM1307,,Archaea,Euryarchaeota,Halobacteria,Halobacteriales,Halobacteriaceae,Halococcus,Aerobe,Saccharolytic,Negative,,646.0,1131.0,958.0,Laura Kutt,04/19/16,,2531839093.0,931277.0,Kbase,morrhuae,Halococcus.json,2250.0,kb|g.224181,Halococcus,genus
,,Bacteria,Proteobacteria,Epsilonproteobacteria,Campylobacterales,Helicobacteraceae,Helicobacter,Microaerophile,,Negative,Opportunistic pathogen,,,,,,,,,,,Helicobacter.json,,,Helicobacter,genus
Eubacterium biforme DSM 3989,Eubacterium biforme DSM 3989 (518637.5),Bacteria,Firmicutes,Erysipelotrichia,Erysipelotrichales,Erysipelotrichaceae,Holdemanella,Obligate anaerobe,"Saccharolytic, fermentative",Positive,Commensal,547.0,1585.0,1100.0,Ines Thiele,09/06/12,1.0,642979360.0,518637.0,Kbase,biforme,Holdemanella.json,,,Holdemanella,genus
"Holdemania filiformis VPI J1-31B-1, DSM 12042",Holdemania filiformis DSM 12042 (545696.5),Bacteria,Firmicutes,Erysipelotrichia,Erysipelotrichales,Erysipelotrichaceae,Holdemania,Obligate anaerobe,"Saccharolytic, fermentative",Positive,Commensal,721.0,1744.0,1113.0,Ines Thiele,09/06/12,3.0,643886103.0,61171.0,ModelSEED,filiformis,Holdemania.json,61171.0,,Holdemania,genus
,Clostridium hathewayi 12489931 (999412.4),Bacteria,Firmicutes,Clostridia,Clostridiales,Lachnospiraceae,Hungatella,Obligate anaerobe,"Saccharolytic, fermentative",Negative,,,,,Laura Kutt,,,2534682211.0,,,hathewayi,Hungatella.json,154046.0,,Hungatella,genus
Clostridium bartlettii DSM 16795,Clostridium bartlettii DSM 16795 (445973.7),Bacteria,Firmicutes,Clostridia,Clostridiales,Peptostreptococcaceae,Intestinibacter,Obligate anaerobe,Ferments carbohydrates and amino acids,Positive,Commensal,682.0,1381.0,1023.0,Ines Thiele,04/20/12,5.0,641736113.0,445973.0,ModelSEED,bartlettii,Intestinibacter.json,261299.0,,Intestinibacter,genus
Kallipyga massiliensis ph2,,Bacteria,Firmicutes,Tissierellia,unclassified Tissierellia,unclassified Tissierellia,Kallipyga,Obligate anaerobe,"Saccharolytic, fermentative",Positive,,425.0,1002.0,816.0,Laura Kutt,04/18/16,,2547132195.0,1118059.0,Kbase,massiliensis,Kallipyga.json,1472764.0,kb|g.206992,Kallipyga,genus
Kandleria vitulina DSM 20405,,Bacteria,Firmicutes,Erysipelotrichia,Erysipelotrichales,Erysipelotrichaceae,Kandleria,Obligate anaerobe,"Saccharolytic, fermentative",Positive,,587.0,1195.0,926.0,Laura Kutt,04/18/16,,,1410657.0,Kbase,vitulina,Kandleria.json,1630.0,kb|g.241318,Kandleria,genus
Kingella oralis ATCC 51147,Kingella oralis ATCC 51147 (629741.3),Bacteria,Proteobacteria,Betaproteobacteria,Neisseriales,Neisseriaceae,Kingella,Facultative anaerobe,"Saccharolytic, fermentative",Negative,Commensal,596.0,1106.0,899.0,Laura Kutt,04/18/16,,,629741.0,Kbase,oralis,Kingella.json,505.0,kb|g.2656,Kingella,genus
,,Bacteria,Proteobacteria,Gammaproteobacteria,Enterobacteriales,Enterobacteriaceae,Klebsiella,Facultative anaerobe,,Negative,,,,,,,,,,Kbase,,Klebsiella.json,,kb|g.23273,Klebsiella,genus
Kluyvera ascorbata  ATCC 33433,,Bacteria,Proteobacteria,Gammaproteobacteria,Enterobacteriales,Enterobacteriaceae,Kluyvera,Facultative anaerobe,"Fermentative, respiratory",Negative,,1241.0,1782.0,1227.0,Laura Kutt,04/18/16,,2588253795.0,1006000.0,Kbase,ascorbata,Kluyvera.json,51288.0,kb|g.241367,Kluyvera,genus
,,Bacteria,Actinobacteria,Actinobacteria,Actinomycetales,Micrococcaceae,Kocuria,Obligate aerobe,,Positive,Commensal,,,,chenry,04/15/16,,,,,,Kocuria.json,,,Kocuria,genus
Kurthia massiliensis  JC30,,Bacteria,Firmicutes,Bacilli,Bacillales,Planococcaceae,Kurthia,Aerobe,"Saccharolytic, respiratory",Positive,,789.0,1444.0,1090.0,Laura Kutt,04/18/16,,2547132137.0,1033739.0,ModelSEED,massiliensis,Kurthia.json,1033739.0,kb|g.23348,Kurthia,genus
Kytococcus sedentarius DSM 20547,Kytococcus sedentarius DSM 20547 (478801.4),Bacteria,Actinobacteria,Actinobacteria,Actinomycetales,Dermacoccaceae,Kytococcus,Obligate aerobe,Respiratory,Positive,Commensal,653.0,1198.0,945.0,chenry,04/15/16,,644736380.0,478801.0,Kbase,sedentarius,Kytococcus.json,1276.0,kb|g.1725,Kytococcus,genus
,,Bacteria,Firmicutes,Clostridia,Clostridiales,Lachnospiraceae,Lachnoclostridium,,,,,,,,,,,,,ModelSEED,,Lachnoclostridium.json,,,Lachnoclostridium,genus
Lachnospira multipara ATCC 19207,,Bacteria,Firmicutes,Clostridia,Clostridiales,Lachnospiraceae,Lachnospira,Obligate anaerobe,"Saccharolytic, fermentative",Positive,,554.0,1163.0,931.0,Laura Kutt,04/19/16,,,1282887.0,Kbase,multipara,Lachnospira.json,28051.0,kb|g.209041,Lachnospira,genus
,,Bacteria,Firmicutes,Bacilli,Lactobacillales,Lactobacillaceae,Lactobacillus,Facultative anaerobe,,Positive,,,,,,,,,,,,Lactobacillus.json,,,Lactobacillus,genus
,,Bacteria,Firmicutes,Bacilli,Lactobacillales,Streptococcaceae,Lactococcus,Facultative anaerobe,"Saccharolytic, respiratory or fermentative",Positive,Pathogen,,,,Laura Kutt,04/18/16,,,,Kbase,,Lactococcus.json,,,Lactococcus,genus
Laribacter hongkongensis HLHK9,Laribacter hongkongensis HLHK9 (557598.3),Bacteria,Proteobacteria,Betaproteobacteria,Neisseriales,Chromobacteriaceae,Laribacter,Facultative anaerobe,"Asaccharolytic, nonfermentative",Negative,Pathogen,751.0,1266.0,987.0,Eugen Bauer,08/03/14,2.0,643692026.0,557598.0,Kbase,hongkongensis,Laribacter.json,168471.0,,Laribacter,genus
Lautropia mirabilis ATCC 51599,Lautropia mirabilis ATCC 51599 (887898.3),Bacteria,Proteobacteria,Betaproteobacteria,Burkholderiales,Burkholderiaceae,Lautropia,Facultative anaerobe,"Non-fermentative, asaccharolytic",Negative,,784.0,1297.0,1025.0,Laura Kutt,04/18/16,,,887898.0,Kbase,mirabilis,Lautropia.json,47671.0,kb|g.3587,Lautropia,genus
Leminorella grimontii ATCC 33999 = DSM 5078,,Bacteria,Proteobacteria,Gammaproteobacteria,Enterobacteriales,Enterobacteriaceae,Leminorella,Facultative anaerobe,Fermentative,Negative,,947.0,1453.0,1092.0,Laura Kutt,04/18/16,,,1005999.0,Kbase,grimontii,Leminorella.json,82981.0,kb|g.206563,Leminorella,genus
Leptotrichia buccalis C-1013-b,Leptotrichia buccalis C-1013-b (523794.5),Bacteria,Fusobacteria,Fusobacteriia,Fusobacteriales,Leptotrichiaceae,Leptotrichia,Facultative anaerobe,"Saccharolytic, fermentative",Negative,,655.0,1251.0,959.0,Laura Kutt,04/18/16,,644736384.0,523794.0,Kbase,buccalis,Leptotrichia.json,40542.0,kb|g.1972,Leptotrichia,genus
,,Bacteria,Firmicutes,Bacilli,Lactobacillales,Leuconostocaceae,Leuconostoc,Facultative anaerobe,,,,,,,,,,,,,,Leuconostoc.json,,,Leuconostoc,genus
,,Bacteria,Firmicutes,Bacilli,Bacillales,Listeriaceae,Listeria,Facultative anaerobe,"Saccharolytic, respiratory or fermentative",Positive,,,,,,,,,,,,Listeria.json,,,Listeria,genus
,,Bacteria,Firmicutes,Bacilli,Bacillales,Planococcaceae,Lysinibacillus,,,,,,,,Laura Kutt,,,,,Kbase,,Lysinibacillus.json,,,Lysinibacillus,genus
"Marvinbryantia formatexigens I-52, DSM 14469",Bryantella formatexigens DSM 14469 (478749.5),Bacteria,Firmicutes,Clostridia,Clostridiales,Lachnospiraceae,Marvinbryantia,Obligate anaerobe,"Saccharolytic, fermentative, hydrogen used as energy source",Positive,Commensal,798.0,1996.0,1258.0,Ines Thiele,04/20/12,1.0,2562617090.0,168384.0,Kbase,formatexigens,Marvinbryantia.json,168384.0,,Marvinbryantia,genus
,,Bacteria,Firmicutes,Negativicutes,Selenomonadales,,Megamonas,Obligate anaerobe,"Saccharolytic, fermentative",Negative,,,,,,,,,,,,Megamonas.json,,kb|g.27486,Megamonas,genus
Megasphaera elsdenii DSM 20460,,Bacteria,Firmicutes,Negativicutes,Selenomonadales,Veillonellaceae,Megasphaera,Obligate anaerobe,"Saccharolytic, fermentative, lactate fermented to propionate",Negative,Commensal,649.0,1206.0,947.0,chenry,09/10/14,,2511231071.0,1064535.0,ModelSEED,elsdenii,Megasphaera.json,907.0,,Megasphaera,genus
Mesorhizobium loti MAFF303099,Mesorhizobium loti MAFF303099 (266835.9),Bacteria,Proteobacteria,Alphaproteobacteria,Rhizobiales,Phyllobacteriaceae,Mesorhizobium,Aerobe,Respiratory,Negative,,1440.0,1680.0,1212.0,,,,,266835.0,ModelSEED,loti,Mesorhizobium.json,381.0,kb|g.571,Mesorhizobium,genus
,,Archaea,Euryarchaeota,Methanobacteria,Methanobacteriales,Methanobacteriaceae,Methanobrevibacter,Obligate anaerobe,,Positive,,,,,,,,,,Kbase,,Methanobrevibacter.json,,kb|g.224117,Methanobrevibacter,genus
Methanomassiliicoccus luminyensis B10,,Archaea,Euryarchaeota,Thermoplasmata,Methanomassiliicoccales,Methanomassiliicoccaceae,Methanomassiliicoccus,Obligate anaerobe,Utilizes methanol,Positive,,493.0,1001.0,831.0,Laura Kutt,04/19/16,,2518645582.0,1175296.0,Kbase,luminyensis,Methanomassiliicoccus.json,1080712.0,kb|g.223963,Methanomassiliicoccus,genus
Methanosphaera stadtmanae DSM 3091,Methanosphaera stadtmanae DSM 3091 (339860.6),Archaea,Euryarchaeota,Methanobacteria,Methanobacteriales,Methanobacteriaceae,Methanosphaera,Obligate anaerobe,Uses methanol and hydrogen as energy sources and carbon dioxide and acetate as carbon sources,Positive,Commensal,329.0,823.0,716.0,chenry,09/10/14,,637000163.0,339860.0,Kbase,stadtmanae,Methanosphaera.json,2317.0,,Methanosphaera,genus
,,Bacteria,Proteobacteria,Alphaproteobacteria,Rhizobiales,Methylobacteriaceae,Methylobacterium,Aerobe,Respiratory,Negative,,,,,Laura Kutt,04/18/16,,,,,,Methylobacterium.json,,,Methylobacterium,genus
,Methyloversatilis universalis FAM5 (1000565.3),Bacteria,Proteobacteria,Betaproteobacteria,Rhodocyclales,Rhodocyclaceae,Methyloversatilis,Anaerobe,Fermentative,Negative,Pathogen,,,,Laura Kutt,,,,,,universalis,Methyloversatilis.json,378211.0,,Methyloversatilis,genus
,,Bacteria,Actinobacteria,Actinobacteria,,Microbacteriaceae,Microbacterium,,,Positive,,,,,chenry,04/15/16,,,,ModelSEED,,Microbacterium.json,,,Microbacterium,genus
Micrococcus luteus NCTC 2665,Micrococcus luteus NCTC 2665 (465515.4),Bacteria,Actinobacteria,Actinobacteria,Actinomycetales,Micrococcaceae,Micrococcus,Obligate aerobe,"Saccharolytic, respiratory",Positive,Opportunistic pathogen,686.0,1194.0,951.0,chenry,04/15/16,,644736390.0,465515.0,Kbase,luteus,Micrococcus.json,1270.0,kb|g.1629,Micrococcus,genus
Micromonospora aurantiaca ATCC 27029,Micromonospora aurantiaca ATCC 27029 (644283.3),Bacteria,Actinobacteria,Actinobacteria,Actinomycetales,Micromonosporaceae,Micromonospora,Microaerophile,Saccharolytic,Positive,Pathogen,1188.0,1469.0,1101.0,chenry,04/15/16,,648028042.0,644283.0,Kbase,aurantiaca,Micromonospora.json,47850.0,kb|g.2745,Micromonospora,genus
,,Bacteria,Firmicutes,Negativicutes,Selenomonadales,,Mitsuokella,Obligate anaerobe,"Saccharolytic, fermentative",Negative,,,,,,,,,,Kbase,,Mitsuokella.json,,kb|g.241944,Mitsuokella,genus
Mobiluncus curtisii ATCC 43063,Mobiluncus curtisii ATCC 43063 (548479.6),Bacteria,Actinobacteria,Actinobacteria,Actinomycetales,Actinomycetaceae,Mobiluncus,Obligate anaerobe,"Saccharolytic, fermentative",Negative,Opportunistic pathogen,562.0,1088.0,862.0,chenry,04/15/16,,648028043.0,548479.0,ModelSEED,curtisii,Mobiluncus.json,2051.0,kb|g.2215,Mobiluncus,genus
Mogibacterium timidum ATCC 33093,,Bacteria,Firmicutes,Clostridia,Clostriadiales,Family XIII Incertae Sedis,Mogibacterium,Obligate anaerobe,Asaccharolytic,Positive,,419.0,955.0,800.0,,,,,1401079.0,ModelSEED,timidum,Mogibacterium.json,35519.0,kb|g.212219,Mogibacterium,genus
Moraxella catarrhalis RH4,Moraxella catarrhalis RH4 (749219.3),Bacteria,Proteobacteria,Gammaproteobacteria,Pseudomonadales,Moraxellaceae,Moraxella,Aerobe,Respiratory,Negative,,611.0,1175.0,950.0,Laura Kutt,04/18/16,,646564552.0,749219.0,Kbase,catarrhalis,Moraxella.json,480.0,kb|g.3162,Moraxella,genus
Morganella morganii subsp. morganii KT,Morganella morganii subsp. morganii KT (1124991.3),Bacteria,Proteobacteria,Gammaproteobacteria,Enterobacteriales,Enterobacteriaceae,Morganella,Facultative anaerobe,"Fermentative, respiratory",Negative,,1070.0,1577.0,1132.0,Laura Kutt,04/18/16,,,1124991.0,Kbase,morganii,Morganella.json,582.0,kb|g.24411,Morganella,genus
,,Bacteria,Actinobacteria,Actinobacteria,Actinomycetales,Mycobacteriaceae,Mycobacterium,Microaerophile,,Positive,,,,,chenry,04/15/16,,,,Kbase,,Mycobacterium.json,,,Mycobacterium,genus
,,Bacteria,Tenericutes,Mollicutes,Mycoplasmatales,Mycoplasmataceae,Mycoplasma,Obligate anaerobe,,Negative due to the absence of a cell wall,Pathogen,,,,chenry,,,,,Kbase,,Mycoplasma.json,,,Mycoplasma,genus
,,Bacteria,Proteobacteria,Betaproteobacteria,Neisseriales,Neisseriaceae,Neisseria,,,Negative,,,,,Laura Kutt,04/18/16,,,,,,Neisseria.json,,,Neisseria,genus
Nevskia ramosa DSM 11499,,Bacteria,Proteobacteria,Gammaproteobacteria,Xanthomonadales,Sinobacteraceae,Nevskia,Anaerobe,Fermentative,Negative,,898.0,1430.0,1099.0,Laura Kutt,04/19/16,,2523231050.0,1122603.0,ModelSEED,ramosa,Nevskia.json,64002.0,kb|g.207204,Nevskia,genus
Candidatus Nitrososphaera gargensis Ga9.2,,Archaea,Thaumarchaeota,Nitrososphaeria,Nitrososphaerales,Nitrososphaeraceae,Nitrososphaera,Aerobe,"Oxidation of ammonia, inorganic carbon",Uncharacterized,,434.0,1016.0,877.0,Laura Kutt,04/19/16,,,1237085.0,ModelSEED,Nitrososphaera,Nitrososphaera.json,,kb|g.238840,Nitrososphaera,genus
Oceanobacillus picturae strain S1,,Bacteria,Firmicutes,Bacilli,Bacillales,Bacillaceae,Oceanobacillus,Aerobe,"Respiratory, non fermentative",Positive,,922.0,1450.0,1093.0,Laura Kutt,04/19/16,,2617271105.0,333381.0,ModelSEED,picturae,Oceanobacillus.json,171693.0,kb|g.242144,Oceanobacillus,genus
,,Bacteria,Proteobacteria,Alphaproteobacteria,Rhizobiales,Brucellaceae,Ochrobactrum,,,Negative,,,,,Laura Kutt,04/18/16,,640753038.0,,ModelSEED,,Ochrobactrum.json,,,Ochrobactrum,genus
,,Bacteria,Bacteroidetes,Bacteroidia,Bacteroidales,Porphyromonadaceae,Odoribacter,Obligate anaerobe,,Negative,Commensal,,,,,,,,,ModelSEED,,Odoribacter.json,,kb|g.27487,Odoribacter,genus
,,Bacteria,Actinobacteria,Coriobacteriia,Coriobacteriales,Coriobacteriaceae,Olsenella,Obligate anaerobe,"Saccharolytic, fermentative",Positive,,,,,chenry,04/15/16,,,,ModelSEED,,Olsenella.json,,,Olsenella,genus
Oribacterium sinus F0268,Oribacterium sinus F0268 (585501.3),Bacteria,Firmicutes,Clostridia,Clostridiales,Lachnospiraceae,Oribacterium,Obligate anaerobe,"Saccharolytic, fermentative",Positive,,595.0,1164.0,896.0,Laura Kutt,04/18/16,,,585501.0,ModelSEED,sinus,Oribacterium.json,237576.0,kb|g.2530,Oribacterium,genus
,,Bacteria,Proteobacteria,Betaproteobacteria,Burkholderiales,Oxalobacteraceae,Oxalobacter,Obligate anaerobe,"Asaccharolytic, uses oxalate as sole energy source",Negative,Probiotic,,,,Ines Thiele,06/25/12,,,,ModelSEED,formigenes,Oxalobacter.json,847.0,,Oxalobacter,genus
,,Bacteria,Firmicutes,Bacilli,Bacillales,Paenibacillaceae,Paenibacillus,,,,,,,,Laura Kutt,04/18/16,,,,,,Paenibacillus.json,,,Paenibacillus,genus
Clostridium sordellii ATCC 9714,,Bacteria,Firmicutes,Clostridia,Clostridiales,Peptostreptococcaceae,Paeniclostridium,Obligate anaerobe,"Saccharolytic, fermentative",Positive,,1303.0,1274.0,994.0,Laura Kutt,04/18/16,,2563367177.0,1292036.0,ModelSEED,sordellii,Paeniclostridium.json,1505.0,kb|g.209151,Paeniclostridium,genus
Pantoea agglomerans IG1,Pantoea agglomerans IG1 (1110694.4),Bacteria,Proteobacteria,Gammaproteobacteria,Enterobacteriales,Enterobacteriaceae,Pantoea,Facultative anaerobe,"fermentative, respiratory",Negative,,1229.0,1757.0,1207.0,,,,,1110694.0,Kbase,agglomerans,Pantoea.json,549.0,kb|g.24285,Pantoea,genus
,,Bacteria,Bacteroidetes,Bacteroidia,Bacteroidales,Porphyromonadaceae,Parabacteroides,,"Saccharolytic, fermentative",Negative,Commensal,,,,,,,,,,,Parabacteroides.json,,,Parabacteroides,genus
Clostridium bifermentans ATCC 19299,,Bacteria,Firmicutes,Clostridia,Clostridiales,Peptostreptococcaceae,Paraclostridium,Obligate anaerobe,"Saccharolytic, fermentative, proteolytic",Positive,,767.0,1256.0,974.0,Laura Kutt,04/18/16,,,1233170.0,ModelSEED,bifermentans,Paraclostridium.json,1490.0,kb|g.208271,Paraclostridium,genus
Paracoccus yeei ATCC BAA-599,,Bacteria,Proteobacteria,Alphaproteobacteria,Rhodobacterales,Rhodobacteraceae,Paracoccus,Aerobe,Respiratory,Negative,Pathogen,1140.0,1525.0,1140.0,Laura Kutt,04/19/16,,,1446473.0,Kbase,yeei,Paracoccus.json,147645.0,kb|g.242186,Paracoccus,genus
,,Bacteria,Bacteroidetes,Bacteroidia,Bacteroidales,Prevotellaceae,Paraprevotella,Obligate anaerobe,"Saccharolytic, fermentative",Negative,,,,,Laura Kutt,04/17/16,,,,Kbase,,Paraprevotella.json,,,Paraprevotella,genus
Parasutterella excrementihominis YIT 11859,Parasutterella excrementihominis YIT 11859 (762966.3),Bacteria,Proteobacteria,Betaproteobacteria,Burkholderiales,Suterellaceae,Parasutterella,Facultative anaerobe,"Fermentative, respiratory",Negative,,651.0,1080.0,912.0,Laura Kutt,04/19/16,,651324084.0,762966.0,ModelSEED,excrementihominis,Parasutterella.json,487175.0,kb|g.3277,Parasutterella,genus
Parvimonas micra ATCC 33270,Parvimonas micra ATCC 33270 (411465.10),Bacteria,Firmicutes,Clostridia,Clostridiales,Peptoniphilaceae,Parvimonas,Obligate anaerobe,"Asaccharolytic, proteolytic, fermentative",Positive,Commensal,375.0,726.0,636.0,Ines Thiele,06/25/12,4.0,641380421.0,411465.0,ModelSEED,micra,Parvimonas.json,33033.0,,Parvimonas,genus
,,Bacteria,Firmicutes,Bacilli,Lactobacillales,Lactobacillaceae,Pediococcus,,,Positive,Commensal,,,,,,,,,ModelSEED,,Pediococcus.json,,,Pediococcus,genus
,,Bacteria,Firmicutes,Tissierellia,Tissierellales,Peptoniphilaceae,Peptoniphilus,Obligate anaerobe,,Positive,,,,,Laura Kutt,04/18/16,,,,,,Peptoniphilus.json,,,Peptoniphilus,genus
,,Bacteria,Firmicutes,Clostridia,Clostridiales,Peptostreptococcaceae,Peptostreptococcus,Obligate anaerobe,"Saccharolytic, fermentative",Positive,,,,,Laura Kutt,04/18/16,,,,,,Peptostreptococcus.json,,,Peptostreptococcus,genus
Phascolarctobacterium succinatutens YIT 12067,Phascolarctobacterium sp. YIT 12067 (626939.3),Bacteria,Firmicutes,Negativicutes,Selenomonadales,Acidaminococcaceae,Phascolarctobacterium,Obligate anaerobe,"Asaccharolytic, ferments only succinate",Negative,Commensal,560.0,1019.0,833.0,Ines Thiele,06/29/12,3.0,649989983.0,626939.0,ModelSEED,succinatutens,Phascolarctobacterium.json,626940.0,,Phascolarctobacterium,genus
Plesiomonas shigelloides 302-73,Plesiomonas shigelloides 302-73 (1315976.3),Bacteria,Proteobacteria,Gammaproteobacteria,Enterobacteriales,Enterobacteriaceae,Plesiomonas,Aerobe,Respiratory,Negative,,981.0,1558.0,1123.0,Laura Kutt,04/18/16,,,1315976.0,ModelSEED,shigelloides,Plesiomonas.json,703.0,kb|g.31988,Plesiomonas,genus
,,Bacteria,Bacteroidetes,Bacteroidia,Bacteroidales,Porphyromonadaceae,Porphyromonas,Obligate anaerobe,,Negative,,,,,,,,,,,,Porphyromonas.json,,,Porphyromonas,genus
,,Bacteria,Bacteroidetes,Bacteroidia,Bacteroidales,Prevotellaceae,Prevotella,Nanaerobe,,Negative,,,,,,,,,,,,Prevotella.json,,,Prevotella,genus
,,Bacteria,Actinobacteria,Actinobacteria,,Propionibacteriaceae,Propionibacterium,,"Saccharolytic, fermentative",Positive,,,,,,,,,,,,Propionibacterium.json,,,Propionibacterium,genus
,Proteus mirabilis ATCC 29906 (525369.4),Bacteria,Proteobacteria,Gammaproteobacteria,Enterobacteriales,Enterobacteriaceae,Proteus,Facultative anaerobe,,Negative,,,,,,,,,,ModelSEED,,Proteus.json,,,Proteus,genus
,,Bacteria,Proteobacteria,Gammaproteobacteria,Enterobacteriales,Enterobacteriaceae,Providencia,Facultative anaerobe,"Fermentative or respiratory, various carbohydrates and amino acids used",Negative,Pathogen,,,,Ines Thiele,06/25/12,,,,,,Providencia.json,,,Providencia,genus
Pseudobutyrivibrio ruminis AD2017,,Bacteria,Firmicutes,Clostridia,Clostridiales,Lachnospiraceae,Pseudobutyrivibrio,Obligate anaerobe,"Saccharolytic, fermentative",Negative,,622.0,1176.0,941.0,Laura Kutt,04/18/16,,,1280694.0,Kbase,ruminis,Pseudobutyrivibrio.json,46206.0,kb|g.208698,Pseudobutyrivibrio,genus
Pseudoflavonifractor capillosus strain ATCC 29799,Bacteroides capillosus ATCC 29799 (411467.6),Bacteria,Firmicutes,Clostridia,Clostridiales,unclassified Clostridiales,Pseudoflavonifractor,Obligate anaerobe,"Asaccharolytic, some carbohydrates may be weakly fermented",Negative,Commensal,679.0,1638.0,1193.0,Ines Thiele,04/20/12,3.0,640963014.0,411467.0,Kbase,capillosus,Pseudoflavonifractor.json,106588.0,,Pseudoflavonifractor,genus
,,Bacteria,Proteobacteria,Gammaproteobacteria,Pseudomonadales,Pseudomonadaceae,Pseudomonas,Aerobe,,Negative,Opportunistic pathogen,,,,,,1.0,,,,,Pseudomonas.json,,,Pseudomonas,genus
Pseudoramibacter alactolyticus ATCC 23263,Pseudoramibacter alactolyticus ATCC 23263 (887929.3),Bacteria,Firmicutes,Clostridia,Clostridiales,Eubacteriaceae,Pseudoramibacter,Obligate anaerobe,"Saccharolytic, fermentative",Positive,,731.0,1117.0,924.0,Laura Kutt,04/18/16,,,887929.0,Kbase,alactolyticus,Pseudoramibacter.json,113287.0,kb|g.3589,Pseudoramibacter,genus
Pyramidobacter piscolens W5455,Pyramidobacter piscolens W5455 (352165.3),Bacteria,Synergistetes,Synergistia,Synergistales,Synergistaceae,Pyramidobacter,Obligate anaerobe,"Asaccharolytic, fermentative",Negative,,693.0,1164.0,931.0,Laura Kutt,04/19/16,,647000302.0,352165.0,Kbase,piscolens,Pyramidobacter.json,638849.0,kb|g.1034,Pyramidobacter,genus
Ralstonia sp. 5_7_47FAA,Ralstonia sp. 5_7_47FAA (658664.3),Bacteria,Proteobacteria,Betaproteobacteria,Burkholderiales,Burkholderiaceae,Ralstonia,Aerobe,"Strictly aerobic, respiratory",Negative,Commensal,1137.0,1485.0,1065.0,Ines Thiele,06/29/12,1.0,649989994.0,658664.0,ModelSEED,,Ralstonia.json,48736.0,,Ralstonia,genus
Raoultella planticola ATCC 33531,,Bacteria,Proteobacteria,Gammaproteobacteria,Enterobacteriales,Enterobacteriaceae,Raoultella,Facultative anaerobe,"Fermentative, respiratory",Negative,,1483.0,1918.0,1279.0,Laura Kutt,04/18/16,,2588253798.0,1005996.0,ModelSEED,planticola,Raoultella.json,575.0,kb|g.242501,Raoultella,genus
,,Bacteria,Actinobacteria,Actinobacteria,Actinomycetales,Nocardiaceae,Rhodococcus,Aerobe,Saccharolytic,Positive,,,,,,,,,,,,Rhodococcus.json,,,Rhodococcus,genus
,,Bacteria,Firmicutes,Clostridia,Clostridiales,Lachnospiraceae,Roseburia,Obligate anaerobe,"Saccharolytic, fermentative, acetate converted to butyrate",Negative,Commensal,,,,,,,,,ModelSEED,,Roseburia.json,,kb|g.26995,Roseburia,genus
Roseomonas mucosa ATCC BAA-692,,Bacteria,Proteobacteria,Alphaproteobacteria,Rhodospirillales,Acetobacteraceae,Roseomonas,Facultative anaerobe,"Saccharolytic, non-fermentative",Negative,,1213.0,1572.0,1188.0,Laura Kutt,04/18/16,,,1448136.0,ModelSEED,mucosa,Roseomonas.json,207340.0,kb|g.242544,Roseomonas,genus
,,Bacteria,Actinobacteria,Actinobacteria,Actinomycetales,Micrococcaceae,Rothia,,,Positive,,,,,chenry,04/15/16,,,,Kbase,,Rothia.json,,,Rothia,genus
Rudanella lutea DSM 19387,Rudanella lutea DSM 19387 (1089547.3),Bacteria,Bacteroidetes,Cytophagia,Cytophagales,Cytophagaceae,Rudanella,Aerobe,"Respiratory, non fermentative",Negative,,960.0,1341.0,1106.0,,,,,1089547.0,Kbase,lutea,Rudanella.json,451374.0,kb|g.29244,Rudanella,genus
,,Bacteria,Firmicutes,Clostridia,Clostridiales,Ruminococcaceae,Ruminiclostridium,,,,,,,,,,,,,,,Ruminiclostridium.json,29355.0,,Ruminiclostridium,genus
,,Bacteria,Firmicutes,Clostridia,Clostridiales,,Ruminococcus,Obligate anaerobe,"Saccharolytic, fermentative",,,,,,,,,,,,,Ruminococcus.json,,,Ruminococcus,genus
Salmonella enterica enterica sv Typhimurium LT2,Salmonella enterica subsp. enterica serovar Typhimurium str. (946034.3),Bacteria,Proteobacteria,Gammaproteobacteria,Enterobacteriales,Enterobacteriaceae,Salmonella,Facultative anaerobe,"Fermentative or respiratory, variety of carbon sources used",Negative,Pathogen,1241.0,2361.0,1474.0,Ines Thiele,08/07/12,1.0,637000255.0,1457319.0,Kbase,enterica,Salmonella.json,28901.0,,Salmonella,genus
Scardovia inopinata F0304,Scardovia inopinata F0304 (641146.3),Bacteria,Actinobacteria,Actinobacteria,Bifidobacteriales,Bifidobacteriaceae,Scardovia,Obligate anaerobe,"Saccharolytic, fermentative",Positive,Commensal,455.0,1051.0,847.0,chenry,04/15/16,,647533207.0,641146.0,Kbase,inopinata,Scardovia.json,78259.0,kb|g.2728,Scardovia,genus
Schlesneria paludicola DSM 18645,Schlesneria paludicola DSM 18645 (1123242.3),Bacteria,Planctomycetes,Planctomycetales,Planctomycetales,Planctomycetaceae,Schlesneria,Facultative anaerobe,"Saccharolytic, fermentative",Negative,,971.0,1440.0,1113.0,,,,,1123242.0,Kbase,paludicola,Schlesneria.json,360056.0,kb|g.24393,Schlesneria,genus
,,Bacteria,Proteobacteria,Gammaproteobacteria,Enterobacteriales,Enterobacteriaceae,Serratia,Facultative anaerobe,,Negative,,,,,Laura Kutt,04/18/16,,,,Kbase,,Serratia.json,,,Serratia,genus
,,Bacteria,Proteobacteria,Gammaproteobacteria,Enterobacteriales,Enterobacteriaceae,Shigella,Facultative anaerobe,"fermentative, respiratory",Negative,,,,,,,,,,Kbase,,Shigella.json,,,Shigella,genus
Silanimonas lenta DSM 16282,,Bacteria,Proteobacteria,Gammaproteobacteria,Xanthomonadales,Xanthomonadaceae,Silanimonas,Aerobe,Saccharolytic,Negative,Pathogen,613.0,1218.0,1011.0,Laura Kutt,04/19/16,,,1123253.0,Kbase,lenta,Silanimonas.json,265429.0,kb|g.207277,Silanimonas,genus
,,Bacteria,Actinobacteria,Coriobacteriia,Coriobacteriales,Coriobacteriaceae,Slackia,Obligate anaerobe,"Asaccharolytic, nonfermentative",Positive,,,,,chenry,04/15/16,,,,,,Slackia.json,,,Slackia,genus
,,Bacteria,Firmicutes,Erysipelotrichia,Erysipelotrichales,Erysipelotrichaceae,Solobacterium,Obligate anaerobe,"Saccharolytic, fermentative",Positive,,,,,Laura Kutt,,,,,ModelSEED,moorei,Solobacterium.json,102148.0,,Solobacterium,genus
Sphingomonas paucimobilis HER1398,,Bacteria,Proteobacteria,Gammaproteobacteria,Sphingomonadales,Sphingomonadaceae,Sphingomonas,Anaerobe,Asaccharolytic,Negative,,755.0,1281.0,1045.0,,,,,1346330.0,ModelSEED,paucimobilis,Sphingomonas.json,13689.0,kb|g.210585,Sphingomonas,genus
Spirosoma linguale DSM 74,Spirosoma linguale DSM 74 (504472.7),Bacteria,Bacteroidetes,Cytophagia,Cytophagales,Cytophagaceae,Spirosoma,Aerobe,Saccharolytic,Negative,,1048.0,1475.0,1152.0,,,,,504472.0,ModelSEED,linguale,Spirosoma.json,108.0,kb|g.1845,Spirosoma,genus
,,Bacteria,Firmicutes,Bacilli,Bacillales,Staphylococcaceae,Staphylococcus,Facultative anaerobe,"Saccharolytic, respiratory or fermentative",Positive,,,,,Laura Kutt,,,,,,,Staphylococcus.json,,,Staphylococcus,genus
,Stenotrophomonas maltophilia D457 (1163399.5),Bacteria,Proteobacteria,Gammaproteobacteria,Xanthomonadales,Xanthomonadaceae,Stenotrophomonas,Obligate anaerobe,Asaccharolytic,Negative,,,,,Laura Kutt,04/19/16,,,,Kbase,,Stenotrophomonas.json,,,Stenotrophomonas,genus
Stoquefichus massiliensis AP9,,Bacteria,Firmicutes,Erysipelotrichia,Erysipelotrichales,Erysipelotrichaceae,Stoquefichus,,,,,787.0,1177.0,951.0,Laura Kutt,04/18/16,,2600255145.0,1211844.0,Kbase,massiliensis,Stoquefichus.json,1470350.0,kb|g.208018,Stoquefichus,genus
,,Bacteria,Firmicutes,,,,Streptococcus,,,,,,,,,,,,,,,Streptococcus.json,,,Streptococcus,genus
Subdoligranulum variabile DSM 15176,Subdoligranulum variabile DSM 15176 (411471.5),Bacteria,Firmicutes,Clostridia,Clostridiales,Ruminococcaceae,Subdoligranulum,Obligate anaerobe,"Saccharolytic, fermentative",Negative,Commensal,1313.0,1057.0,846.0,Ines Thiele,06/25/12,2.0,2562617078.0,411471.0,ModelSEED,variabile,Subdoligranulum.json,214851.0,,Subdoligranulum,genus
Succinatimonas hippei YIT 12066,Succinatimonas hippei YIT 12066 (762983.3),Bacteria,Proteobacteria,Gammaproteobacteria,Aeromonadales,Succinivibrionaceae,Succinatimonas,Obligate anaerobe,"Saccharolytic, fermentative",Negative,Commensal,622.0,1047.0,850.0,Ines Thiele,06/29/12,4.0,649990019.0,762983.0,Kbase,hippei,Succinatimonas.json,626938.0,,Succinatimonas,genus
Succinivibrio dextrinosolvens H5,,Bacteria,Proteobacteria,Gammaproteobacteria,Aeromonadales,Vibrionaceae,Succinivibrio,Facultative anaerobe,"Fermentative, respiratory",Negative,Pathogen,643.0,1130.0,943.0,Laura Kutt,04/19/16,,,1410676.0,Kbase,dextrinosolvens,Succinivibrio.json,83771.0,kb|g.244674,Succinivibrio,genus
Sulfolobus solfataricus P2,Sulfolobus solfataricus P2 (273057.1),Archaea,Crenarchaeota,Thermoprotei,Sulfolobales,Sulfolobaceae,Sulfolobus,Aerobe,"Saccharolytic, or requires sulphur",Negative,,529.0,1070.0,861.0,Laura Kutt,04/19/16,,638154518.0,273057.0,Kbase,solfataricus,Sulfolobus.json,2287.0,kb|g.637,Sulfolobus,genus
,,Bacteria,Proteobacteria,Betaproteobacteria,Burkholderiales,,Sutterella,,,Negative,,,,,,,,,,Kbase,,Sutterella.json,,kb|g.27712,Sutterella,genus
Tannerella forsythia ATCC 43037,Tannerella forsythia ATCC 43037 (203275.8),Bacteria,Bacteroidetes,Bacteroidia,Bacteroidales,Porphyromonadaceae,Tannerella,Obligate anaerobe,Asaccharolytic,Negative,,585.0,1053.0,864.0,chenry,04/15/16,,2512047036.0,28112.0,Kbase,forsythia,Tannerella.json,28112.0,kb|g.26084,Tannerella,genus
Tatumella ptyseos ATCC 33301,,Bacteria,Proteobacteria,Gammaproteobacteria,Enterobacteriales,Enterobacteriaceae,Tatumella,Facultative anaerobe,"Fermentative, respiratory",Negative,,876.0,1538.0,1106.0,Laura Kutt,04/18/16,,2671180926.0,1005995.0,ModelSEED,ptyseos,Tatumella.json,82987.0,kb|g.206562,Tatumella,genus
Clostridium glycolicum ATCC 14880 = DSM 1288,Clostridium glycolicum ATCC 14880 (1121315.3),Bacteria,Firmicutes,Clostridia,Clostridiales,Peptostreptococcaceae,Terrisporobacter,Obligate anaerobe,"Saccharolytic, fermentative",Positive,,986.0,1329.0,1012.0,Laura Kutt,04/18/16,,,1121315.0,ModelSEED,glycolicum,Terrisporobacter.json,,kb|g.207085,Terrisporobacter,genus
Trabulsiella guamensis ATCC 49490,,Bacteria,Proteobacteria,Gammaproteobacteria,Enterobacteriales,Enterobacteriaceae,Trabulsiella,Facultative anaerobe,"Fermentative, respiratory",Negative,,1130.0,1724.0,1176.0,Laura Kutt,04/18/16,,2588253800.0,1005994.0,ModelSEED,guamensis,Trabulsiella.json,158852.0,kb|g.244739,Trabulsiella,genus
Tropheryma whipplei str. Twist,Tropheryma whipplei str. Twist (203267.1),Bacteria,Actinobacteria,Actinobacteria,Actinomycetales,Micrococcaceae,Tropheryma,Facultative anaerobe,Fermentative,Positive,Opportunistic pathogen,356.0,845.0,718.0,chenry,04/15/16,,637000331.0,203267.0,ModelSEED,whipplei,Tropheryma.json,2039.0,kb|g.338,Tropheryma,genus
Clostridium nexile DSM 1787,Clostridium nexile DSM 1787 (500632.7),Bacteria,Firmicutes,Clostridia,Clostridiales,Lachnospiraceae,Tyzzerella,Obligate anaerobe,"Saccharolytic, fermentative",Positive,Commensal,646.0,2135.0,1210.0,Ines Thiele,04/20/12,1.0,642979369.0,500632.0,ModelSEED,nexile,Tyzzerella.json,,,Tyzzerella,genus
,,Bacteria,Tenericutes,Mollicutes,Mycoplasmatales,Mycoplasmataceae,Ureaplasma,Facultative anaerobe,Utilize urea,Positive,,,,518.0,Laura Kutt,04/19/16,,,,Kbase,,Ureaplasma.json,,,Ureaplasma,genus
Ureibacillus thermosphaericus str. Thermo-BF,Ureibacillus thermosphaericus str. Thermo-BF (1160707.3),Bacteria,Firmicutes,Bacilli,Bacillales,Planococcaceae,Ureibacillus,Aerobe,"Uses esculine, urea and malate as carbon source",Negative,,864.0,1296.0,1035.0,Laura Kutt,04/18/16,,2548876990.0,1160707.0,ModelSEED,thermosphaericus,Ureibacillus.json,51173.0,kb|g.24961,Ureibacillus,genus
Varibaculum cambriense DSM 15806,,Bacteria,Actinobacteria,Actinobacteria,Actinomycetales,Actinomycetaceae,Varibaculum,Facultative anaerobe,"Saccharolytic, fermentative",Positive,Opportunistic pathogen,537.0,1011.0,832.0,chenry,04/15/16,,2524614732.0,1123488.0,ModelSEED,cambriense,Varibaculum.json,184870.0,kb|g.207318,Varibaculum,genus
,,Bacteria,Firmicutes,,,,Veillonella,Obligate anaerobe,,Negative,,,,,,,,,,,,Veillonella.json,,,Veillonella,genus
,,Bacteria,Proteobacteria,Gammaproteobacteria,,Vibrionaceae,Vibrio,,,,,,,,Laura Kutt,,,,,,,Vibrio.json,,,Vibrio,genus
Weissella paramesenteroides ATCC 33313,Weissella paramesenteroides ATCC 33313 (585506.3),Bacteria,Firmicutes,Bacilli,Lactobacillales,Leuconostocaceae,Weissella,Facultative anaerobe,"Saccharolytic, respiratory or fermentative",Positive,Commensal,561.0,1463.0,1026.0,Ines Thiele,06/25/12,3.0,645058793.0,585506.0,Kbase,paramesenteroides,Weissella.json,1249.0,,Weissella,genus
,,Bacteria,Proteobacteria,Gammaproteobacteria,Enterobacteriales,Enterobacteriaceae,Yersinia,,,,,,,,Laura Kutt,,,,,Kbase,,Yersinia.json,,,Yersinia,genus
Yokenella regensburgei ATCC 43003,Yokenella regensburgei ATCC 43003 (1002368.3),Bacteria,Proteobacteria,Gammaproteobacteria,Enterobacteriales,Enterobacteriaceae,Yokenella,Facultative anaerobe,"Saccharolytic, fermentative or respiratory",Positive,,1338.0,2517.0,1587.0,Laura Kutt,04/18/16,,2534682241.0,1002368.0,Kbase,regensburgei,Yokenella.json,158877.0,kb|g.23117,Yokenella,genus
Burkholderiales bacterium 1_1_47,Burkholderiales bacterium 1_1_47 (469610.4),Bacteria,Proteobacteria,Betaproteobacteria,Burkholderiales,unclassified Burkholderiales,unclassified Burkholderiales,Nanaerobe,Uncharacterized,Uncharacterized,Uncharacterized,577.0,951.0,797.0,Ines Thiele,06/29/12,1.0,648861006.0,469610.0,Kbase,,unclassified_Burkholderiales.json,119065.0,,unclassified_Burkholderiales,genus
,,Bacteria,Firmicutes,Clostridia,Clostridiales,unclassified Clostridiales,unclassified Clostridiales,Obligate anaerobe,,,,,,,Ines Thiele,,,,,,pectinophilus,unclassified_Clostridiales.json,,,unclassified_Clostridiales,genus
Enterobacteriaceae bacterium 9_2_54FAA,Enterobacteriaceae bacterium 9_2_54FAA (469613.3),Bacteria,Proteobacteria,Gammaproteobacteria,Enterobacteriales,Enterobacteriaceae,unclassified Enterobacteriaceae,Aerobe,Uncharacterized,Uncharacterized,Uncharacterized,1177.0,2209.0,1422.0,Ines Thiele,06/29/12,1.0,2562617162.0,469613.0,ModelSEED,,unclassified_Enterobacteriaceae.json,191675.0,,unclassified_Enterobacteriaceae,genus
,,Bacteria,Firmicutes,Erysipelotrichia,Erysipelotrichales,Erysipelotrichaceae,unclassified Erysipelotrichaceae,Obligate anaerobe,,,,,,,Ines Thiele,,,,,,,unclassified_Erysipelotrichaceae.json,433334.0,,unclassified_Erysipelotrichaceae,genus
,,Bacteria,Firmicutes,Clostridia,Clostridiales,Lachnospiraceae,unclassified Lachnospiraceae,Obligate anaerobe,,,,,,,,,,,,Kbase,rectale,unclassified_Lachnospiraceae.json,,,unclassified_Lachnospiraceae,genus
Melainabacterium MEL.A1,,Bacteria,Cyanobacteria,Melainabacteria,unclassified Melainabacteria,unclassified Melainabacteria,unclassified Melainabacteria,Obligate anaerobe (inferred from sequence),"Saccharolytic, fermentative (inferred from sequence)",Negative (inferred from sequence),Commensal (inferred from sequence),406.0,904.0,726.0,Emilie Muller,05/11/13,,,,ModelSEED,MEL.A1,unclassified_Melainabacteria.json,,,unclassified_Melainabacteria,genus
Clostridium hiranonis TO-931 DSM 13275,Clostridium hiranonis DSM 13275 (500633.7),Bacteria,Firmicutes,Clostridia,Clostridiales,Peptostreptococcaceae,unclassified Peptostreptococcaceae,Obligate anaerobe,"Saccharolytic, fermentative",Positive,Commensal,574.0,1258.0,1011.0,Ines Thiele,08/06/12,3.0,642979371.0,89152.0,Kbase,hiranonis,unclassified_Peptostreptococcaceae.json,,,unclassified_Peptostreptococcaceae,genus
Ruminococcaceae bacterium D16,Ruminococcaceae bacterium D16 (552398.3),Bacteria,Firmicutes,Clostridia,Clostridiales,Ruminococcaceae,unclassified Ruminococcaceae,Obligate anaerobe,Uncharacterized,Uncharacterized,Uncharacterized,652.0,1643.0,1197.0,Ines Thiele,06/29/12,2.0,2562617183.0,552398.0,Kbase,,unclassified_Ruminococcaceae.json,552397.0,,unclassified_Ruminococcaceae,genus
